placement_id,shape_index,x_mm,y_mm,z_mm,theta_deg,radius_mm,protrusion_um
1,91,24.999992654,0.009721944,-0.005501241,0.022281,24.999995,0.5239
2,93,24.999954026,0.015669536,-0.005501241,0.035912,24.999959,0.2706
3,88,24.999946362,0.027564747,-0.005501241,0.063174,24.999962,0.6152
4,56,24.999435215,0.033511673,-0.005501241,0.076805,24.999458,0.8044
5,10,24.999422815,0.039459148,-0.005501241,0.090436,24.999454,1.5905
6,1,24.999776277,0.063250059,-0.005501241,0.144959,24.999856,3.1767
7,94,24.999827052,0.075145428,-0.005501241,0.172221,24.999940,0.2620
8,90,25.000029260,0.081093717,-0.005501241,0.185852,25.000161,1.0629
9,68,24.999657084,0.092987723,-0.005501241,0.213114,24.999830,0.7103
10,34,24.999549534,0.104882527,-0.005501241,0.240376,24.999770,1.5141
11,86,24.999638107,0.110830539,-0.005501241,0.254007,24.999884,0.4366
12,29,24.999199814,0.116776145,-0.005501241,0.267638,24.999473,1.4950
13,77,24.999679026,0.128673750,-0.005501241,0.294900,25.000010,0.8659
14,22,24.999507542,0.134620531,-0.005501241,0.308531,24.999870,1.5098
15,32,24.999258083,0.146514443,-0.005501241,0.335792,24.999687,0.9166
16,32,24.999183599,0.152461640,-0.005501241,0.349423,24.999649,1.0519
17,59,24.999126985,0.164356589,-0.005501241,0.376685,24.999667,0.7004
18,36,24.999984345,0.170310105,-0.005501241,0.390316,25.000564,2.1873
19,82,24.999150272,0.176252122,-0.005501241,0.403947,24.999772,0.3041
20,66,24.999353404,0.182201322,-0.005501241,0.417578,25.000017,1.0049
21,16,24.999169321,0.188147725,-0.005501241,0.431209,24.999877,1.5079
22,14,24.998629944,0.200038963,-0.005501241,0.458471,24.999430,2.0507
23,11,24.998454790,0.211932866,-0.005501241,0.485733,24.999353,1.3909
24,50,24.998922105,0.223832451,-0.005501241,0.512995,24.999924,1.4571
25,22,24.998616853,0.229777494,-0.005501241,0.526626,24.999673,1.2001
26,31,24.998274872,0.235722072,-0.005501241,0.540256,24.999386,0.7351
27,76,24.998601384,0.241672976,-0.005501241,0.553887,24.999770,0.6116
28,60,24.998362354,0.247618461,-0.005501241,0.567518,24.999589,0.6362
29,85,24.998931655,0.253572060,-0.005501241,0.581149,25.000218,1.1330
30,42,24.998588404,0.259516485,-0.005501241,0.594780,24.999935,1.1990
31,23,24.998652130,0.265465097,-0.005501241,0.608411,25.000062,1.5883
32,64,24.998601117,0.277360524,-0.005501241,0.635673,25.000140,1.2508
33,17,24.997827861,0.283299792,-0.005501241,0.649304,24.999433,1.4782
34,34,24.998710848,0.289257888,-0.005501241,0.662935,25.000384,2.1771
35,79,24.998453864,0.295202975,-0.005501241,0.676566,25.000197,0.9162
36,94,24.998041885,0.307094137,-0.005501241,0.703828,24.999928,0.2453
37,35,24.998005222,0.313041743,-0.005501241,0.717459,24.999965,1.3852
38,53,24.997562126,0.330880262,-0.005501241,0.758351,24.999752,1.4059
39,45,24.997683578,0.342778159,-0.005501241,0.785613,25.000034,1.2306
40,76,24.997134723,0.360614968,-0.005501241,0.826506,24.999736,0.7180
41,55,24.997312303,0.366565765,-0.005501241,0.840137,25.000000,0.6209
42,81,24.997311935,0.378462354,-0.005501241,0.867399,25.000177,0.8047
43,78,24.996774552,0.384402451,-0.005501241,0.881030,24.999730,0.5061
44,29,24.996699956,0.390349563,-0.005501241,0.894661,24.999748,2.0169
45,88,24.996659405,0.402245562,-0.005501241,0.921923,24.999896,0.5717
46,47,24.996660097,0.408193957,-0.005501241,0.935553,24.999993,0.9576
47,45,24.996256077,0.414135694,-0.005501241,0.949184,24.999687,0.7526
48,12,24.996076849,0.420081063,-0.005501241,0.962815,24.999607,2.2695
49,66,24.996187082,0.431979788,-0.005501241,0.990077,24.999920,0.8707
50,20,24.995821308,0.437921889,-0.005501241,1.003708,24.999657,1.2673
51,79,24.995845446,0.443870790,-0.005501241,1.017339,24.999786,0.5459
52,4,24.995647748,0.449815760,-0.005501241,1.030970,24.999695,2.6129
53,16,24.995776912,0.461715261,-0.005501241,1.058232,25.000041,1.6661
54,75,24.995841104,0.467665129,-0.005501241,1.071863,25.000216,1.0034
55,69,24.995829374,0.473613641,-0.005501241,1.085494,25.000316,1.2749
56,65,24.995468005,0.479555494,-0.005501241,1.099125,25.000068,0.9138
57,61,24.995070623,0.491445243,-0.005501241,1.126387,24.999901,0.8346
58,65,24.994790910,0.497388447,-0.005501241,1.140017,24.999739,0.7092
59,74,24.994495330,0.503331255,-0.005501241,1.153648,24.999563,0.5371
60,4,24.993732502,0.509264458,-0.005501241,1.167279,24.998920,1.7648
61,69,24.994843154,0.515235975,-0.005501241,1.180910,25.000153,1.0904
62,52,24.994445188,0.527125531,-0.005501241,1.208172,25.000003,0.7493
63,22,24.994286125,0.533071108,-0.005501241,1.221803,24.999970,1.5301
64,53,24.993853180,0.539010763,-0.005501241,1.235434,24.999665,1.3467
65,15,24.993645829,0.550904153,-0.005501241,1.262696,24.999717,0.8809
66,79,24.993773141,0.556856014,-0.005501241,1.276327,24.999976,0.6997
67,14,24.993564284,0.562800429,-0.005501241,1.289958,24.999900,2.5407
68,91,24.993534720,0.568748888,-0.005501241,1.303589,25.000005,0.5418
69,63,24.993556442,0.574698577,-0.005501241,1.317220,25.000163,1.2396
70,88,24.993282724,0.580641477,-0.005501241,1.330850,25.000027,0.7287
71,28,24.992744559,0.586578107,-0.005501241,1.344481,24.999627,1.0128
72,53,24.992976853,0.592532812,-0.005501241,1.358112,25.000000,1.5517
73,23,24.992229370,0.604413444,-0.005501241,1.385374,24.999537,1.0584
74,56,24.992426479,0.610367537,-0.005501241,1.399005,24.999879,1.2494
75,90,24.992310247,0.616314066,-0.005501241,1.412636,24.999908,0.8080
76,74,24.992250887,0.622262025,-0.005501241,1.426267,24.999996,0.7395
77,95,24.992122648,0.628208296,-0.005501241,1.439898,25.000017,0.4612
78,32,24.991397176,0.640088855,-0.005501241,1.467160,24.999593,1.2682
79,47,24.991589434,0.646043331,-0.005501241,1.480791,24.999938,0.8566
80,40,24.990875596,0.657923861,-0.005501241,1.508053,24.999535,0.9160
81,76,24.990941245,0.669824903,-0.005501241,1.535314,24.999916,0.7559
82,81,24.990800429,0.675770865,-0.005501241,1.548945,24.999935,0.5249
83,72,24.990808823,0.681720907,-0.005501241,1.562576,25.000105,0.7881
84,91,24.990344270,0.687658016,-0.005501241,1.576207,24.999804,0.3320
85,76,24.990049503,0.699549562,-0.005501241,1.603469,24.999839,0.6315
86,84,24.989990007,0.705497830,-0.005501241,1.617100,24.999947,0.5282
87,74,24.989716066,0.711440044,-0.005501241,1.630731,24.999841,0.7565
88,13,24.989885380,0.723345083,-0.005501241,1.657993,25.000352,2.1328
89,88,24.989425695,0.729281899,-0.005501241,1.671624,25.000065,0.7749
90,83,24.988877818,0.735215985,-0.005501241,1.685255,24.999691,0.5244
91,49,24.989064874,0.741171691,-0.005501241,1.698886,25.000054,1.0428
92,80,24.988777452,0.747113384,-0.005501241,1.712517,24.999944,0.6126
93,30,24.988393090,0.753052103,-0.005501241,1.726148,24.999738,0.9695
94,35,24.988008962,0.758990732,-0.005501241,1.739778,24.999533,1.0990
95,59,24.988049480,0.764942263,-0.005501241,1.753409,24.999755,0.6718
96,34,24.987757386,0.776834044,-0.005501241,1.780671,24.999830,1.5527
97,30,24.987716506,0.782783257,-0.005501241,1.794302,24.999975,1.2960
98,54,24.987494735,0.788726829,-0.005501241,1.807933,24.999940,1.4625
99,84,24.987261521,0.794670020,-0.005501241,1.821564,24.999895,0.5103
100,35,24.987239736,0.800619965,-0.005501241,1.835195,25.000063,1.6162
101,79,24.986787014,0.812506793,-0.005501241,1.862457,24.999994,0.7153
102,45,24.986807873,0.818458280,-0.005501241,1.876088,25.000209,1.2790
103,30,24.986610951,0.824402685,-0.005501241,1.889719,25.000207,1.5761
104,92,24.986127123,0.830337555,-0.005501241,1.903350,24.999920,0.3338
105,16,24.985715188,0.836274695,-0.005501241,1.916981,24.999706,1.3261
106,1,24.983889282,0.848114655,-0.005501241,1.944242,24.998280,1.6736
107,94,24.985202790,0.860061328,-0.005501241,1.971504,25.000001,0.3054
108,64,24.984751461,0.871948051,-0.005501241,1.998766,24.999962,0.9289
109,61,24.984396241,0.883838139,-0.005501241,2.026028,25.000025,0.6772
110,92,24.983922398,0.895724036,-0.005501241,2.053290,24.999974,0.3967
111,44,24.983491300,0.901659959,-0.005501241,2.066921,24.999757,1.1727
112,17,24.983492381,0.913563064,-0.005501241,2.094183,25.000190,2.2660
113,55,24.983007435,0.919496904,-0.005501241,2.107814,24.999923,0.6015
114,31,24.982465381,0.925428501,-0.005501241,2.121445,24.999600,1.1549
115,88,24.982471051,0.931380365,-0.005501241,2.135075,24.999827,0.4780
116,37,24.981915868,0.937311294,-0.005501241,2.148706,24.999493,1.1156
117,37,24.982431373,0.943282492,-0.005501241,2.162337,25.000233,1.6920
118,82,24.981974774,0.949217106,-0.005501241,2.175968,25.000002,0.5797
119,68,24.981583999,0.955154127,-0.005501241,2.189599,24.999837,0.6566
120,50,24.982013637,0.961122634,-0.005501241,2.203230,25.000495,2.1072
121,59,24.981407596,0.967051362,-0.005501241,2.216861,25.000118,1.0973
122,22,24.981583668,0.973010373,-0.005501241,2.230492,25.000525,2.0154
123,29,24.979434737,0.984830373,-0.005501241,2.257754,24.998841,1.0432
124,68,24.980024214,0.996758040,-0.005501241,2.285016,24.999903,0.6895
125,29,24.979060969,1.002671757,-0.005501241,2.298647,24.999177,1.1642
126,43,24.979115211,1.014578608,-0.005501241,2.325909,24.999711,0.8285
127,63,24.979019488,1.020527206,-0.005501241,2.339539,24.999858,0.8279
128,5,24.979025977,1.032432794,-0.005501241,2.366801,25.000353,2.1680
129,67,24.977663185,1.044281609,-0.005501241,2.394063,24.999484,0.7140
130,46,24.977737314,1.050237474,-0.005501241,2.407694,24.999807,0.9411
131,63,24.977308310,1.062125121,-0.005501241,2.434956,24.999881,0.8799
132,46,24.977295333,1.068077588,-0.005501241,2.448587,25.000121,1.2233
133,21,24.977026224,1.074019158,-0.005501241,2.462218,25.000107,1.9478
134,73,24.976640652,1.079955685,-0.005501241,2.475849,24.999978,0.8757
135,38,24.976035031,1.085882583,-0.005501241,2.489480,24.999629,1.2043
136,84,24.975809875,1.091825948,-0.005501241,2.503111,24.999663,0.3387
137,12,24.975298632,1.097756755,-0.005501241,2.516742,24.999412,2.0730
138,88,24.975732890,1.103729227,-0.005501241,2.530372,25.000109,0.8137
139,51,24.975606990,1.109677143,-0.005501241,2.544003,25.000247,1.5521
140,60,24.975001278,1.115603691,-0.005501241,2.557634,24.999905,0.7695
141,44,24.975241495,1.121568066,-0.005501241,2.571265,25.000412,1.8023
142,41,24.974242157,1.127476722,-0.005501241,2.584896,24.999679,1.2192
143,13,24.974462495,1.133440384,-0.005501241,2.598527,25.000169,1.9197
144,35,24.973817250,1.145318607,-0.005501241,2.625789,25.000066,1.6812
145,45,24.973022942,1.157189827,-0.005501241,2.653051,24.999819,1.0907
146,43,24.972861717,1.163136339,-0.005501241,2.666682,24.999934,1.0444
147,82,24.972780393,1.169086645,-0.005501241,2.680313,25.000130,0.6068
148,45,24.972132431,1.175010384,-0.005501241,2.693944,24.999761,0.8351
149,45,24.971787706,1.186902546,-0.005501241,2.721206,24.999978,1.1316
150,38,24.971611367,1.192848515,-0.005501241,2.734836,25.000085,1.6307
151,68,24.971068734,1.198776951,-0.005501241,2.748467,24.999827,0.6081
152,43,24.971153301,1.204735523,-0.005501241,2.762098,25.000198,1.4758
153,69,24.970709390,1.210668650,-0.005501241,2.775729,25.000041,1.0309
154,52,24.970217123,1.216599346,-0.005501241,2.789360,24.999837,0.5273
155,58,24.969945192,1.222540734,-0.005501241,2.802991,24.999855,0.9825
156,73,24.969817664,1.228489235,-0.005501241,2.816622,25.000020,0.7483
157,90,24.969209959,1.234414076,-0.005501241,2.830253,24.999704,0.5926
158,91,24.969322850,1.240374563,-0.005501241,2.843884,25.000112,0.5992
159,14,24.968558028,1.246291435,-0.005501241,2.857515,24.999643,2.3049
160,39,24.967987562,1.258172842,-0.005501241,2.884777,24.999668,0.9690
161,75,24.968082110,1.264132784,-0.005501241,2.898408,25.000063,0.8288
162,7,24.967505624,1.270058780,-0.005501241,2.912039,24.999788,2.1376
163,85,24.967341433,1.276005717,-0.005501241,2.925670,24.999927,0.9321
164,51,24.966923434,1.281939687,-0.005501241,2.939300,24.999813,1.1070
165,21,24.966536590,1.287875212,-0.005501241,2.952931,24.999731,1.5781
166,57,24.965824391,1.299749346,-0.005501241,2.980193,24.999635,0.4114
167,7,24.966625350,1.305746894,-0.005501241,2.993824,25.000747,3.3711
168,31,24.964766013,1.317560906,-0.005501241,3.021086,24.999510,0.8882
169,39,24.964839077,1.323520631,-0.005501241,3.034717,24.999898,1.0954
170,69,24.964419161,1.329454288,-0.005501241,3.048348,24.999793,0.7019
171,25,24.963895830,1.335382364,-0.005501241,3.061979,24.999587,0.9811
172,63,24.963391857,1.341311382,-0.005501241,3.075610,24.999401,0.5908
173,30,24.963193906,1.347256827,-0.005501241,3.089241,24.999523,0.8473
174,72,24.963254071,1.353216323,-0.005501241,3.102872,24.999905,0.6277
175,13,24.962256485,1.365074729,-0.005501241,3.130133,24.999554,1.3285
176,88,24.962076352,1.371021309,-0.005501241,3.143764,24.999699,0.4070
177,80,24.962081784,1.376978195,-0.005501241,3.157395,25.000032,0.6450
178,76,24.961745591,1.382916313,-0.005501241,3.171026,25.000024,0.9012
179,13,24.961321034,1.388849512,-0.005501241,3.184657,24.999929,1.7901
180,56,24.961006264,1.394788800,-0.005501241,3.198288,24.999945,1.3088
181,76,24.960840768,1.400736473,-0.005501241,3.211919,25.000113,0.9440
182,83,24.960463548,1.406672295,-0.005501241,3.225550,25.000069,0.8460
183,7,24.959783988,1.412590985,-0.005501241,3.239181,24.999725,2.2610
184,76,24.959933932,1.418556655,-0.005501241,3.252812,25.000212,0.9886
185,93,24.958922278,1.430413528,-0.005501241,3.280074,24.999878,0.2436
186,90,24.958776935,1.436362591,-0.005501241,3.293705,25.000074,0.9188
187,64,24.958479030,1.442302932,-0.005501241,3.307336,25.000118,1.1757
188,95,24.958036131,1.448234881,-0.005501241,3.320967,25.000019,0.4543
189,62,24.957654749,1.454170367,-0.005501241,3.334597,24.999983,0.8405
190,89,24.956857197,1.466039246,-0.005501241,3.361859,24.999880,0.4828
191,93,24.956226908,1.477917934,-0.005501241,3.389121,24.999950,0.2473
192,85,24.955191759,1.489772523,-0.005501241,3.416383,24.999620,0.6341
193,71,24.955005378,1.495719551,-0.005501241,3.430014,24.999789,0.9187
194,77,24.954791608,1.501665011,-0.005501241,3.443645,24.999932,0.7722
195,49,24.954408138,1.507600288,-0.005501241,3.457276,24.999907,0.8944
196,16,24.954395756,1.513558061,-0.005501241,3.470907,25.000255,2.0254
197,15,24.953268839,1.525406730,-0.005501241,3.498169,24.999850,1.0895
198,70,24.952669936,1.537287546,-0.005501241,3.525430,24.999980,1.1760
199,11,24.951323740,1.543163263,-0.005501241,3.539061,24.998998,1.2467
200,62,24.951714902,1.549146377,-0.005501241,3.552692,24.999759,0.5249
201,78,24.951515272,1.555093034,-0.005501241,3.566323,24.999929,0.6944
202,71,24.951081210,1.561025105,-0.005501241,3.579954,24.999865,1.0210
203,59,24.950805539,1.566967093,-0.005501241,3.593585,24.999962,0.9015
204,49,24.950264255,1.572892384,-0.005501241,3.607216,24.999794,0.8116
205,75,24.950139934,1.578843980,-0.005501241,3.620847,25.000045,0.8078
206,58,24.949403552,1.584756818,-0.005501241,3.634478,24.999684,0.9242
207,93,24.949298769,1.590709754,-0.005501241,3.648109,24.999957,0.2599
208,86,24.948858943,1.596641380,-0.005501241,3.661740,24.999897,0.4307
209,43,24.948623451,1.602586102,-0.005501241,3.675371,25.000042,1.2365
210,41,24.948204091,1.608519039,-0.005501241,3.689002,25.000004,1.4057
211,64,24.947263656,1.620378254,-0.005501241,3.716264,24.999832,0.8896
212,52,24.946922985,1.626316246,-0.005501241,3.729894,24.999877,0.8369
213,32,24.946638479,1.632257935,-0.005501241,3.743525,24.999981,1.2032
214,72,24.946149802,1.638186266,-0.005501241,3.757156,24.999881,0.5702
215,3,24.945099204,1.644077515,-0.005501241,3.770787,24.999219,1.2402
216,71,24.944890610,1.655984709,-0.005501241,3.798049,24.999797,0.9437
217,65,24.944745571,1.661935799,-0.005501241,3.811680,25.000047,1.0399
218,37,24.944391065,1.667873003,-0.005501241,3.825311,25.000089,1.8481
219,29,24.942907195,1.679695292,-0.005501241,3.852573,24.999400,1.2485
220,61,24.942117048,1.697525209,-0.005501241,3.893466,24.999816,0.5673
221,57,24.941866396,1.703469517,-0.005501241,3.907097,24.999970,0.8256
222,39,24.940612230,1.715306578,-0.005501241,3.934358,24.999528,0.7261
223,9,24.940290902,1.727207822,-0.005501241,3.961620,25.000027,2.3574
224,74,24.938965321,1.739039517,-0.005501241,3.988882,24.999525,0.5024
225,10,24.938568631,1.744973804,-0.005501241,4.002513,24.999543,1.5878
226,66,24.938514312,1.750932139,-0.005501241,4.016144,24.999905,0.8640
227,60,24.937911871,1.756852031,-0.005501241,4.029775,24.999720,0.6469
228,48,24.937732293,1.762801727,-0.005501241,4.043406,24.999959,1.1225
229,78,24.937180271,1.768725122,-0.005501241,4.057037,24.999827,0.4587
230,39,24.936763346,1.774658068,-0.005501241,4.070668,24.999832,1.0173
231,31,24.936591949,1.780608548,-0.005501241,4.084299,25.000084,1.4330
232,48,24.935926736,1.786523770,-0.005501241,4.097930,24.999842,1.0749
233,34,24.935411021,1.792449623,-0.005501241,4.111561,24.999752,1.4913
234,16,24.934966970,1.798380602,-0.005501241,4.125191,24.999735,1.3778
235,27,24.933753841,1.816182166,-0.005501241,4.166084,24.999812,0.8703
236,65,24.933122607,1.822099468,-0.005501241,4.179715,24.999613,0.6076
237,64,24.932859524,1.834007300,-0.005501241,4.206977,25.000221,1.1753
238,13,24.931704672,1.845849693,-0.005501241,4.234239,24.999941,1.7093
239,59,24.931166850,1.851773731,-0.005501241,4.247870,24.999843,0.8164
240,71,24.931097092,1.857732601,-0.005501241,4.261501,25.000215,1.4273
241,9,24.930898935,1.863682050,-0.005501241,4.275132,25.000461,2.8093
242,38,24.929694680,1.875520518,-0.005501241,4.302394,25.000145,1.6955
243,55,24.928993173,1.881432139,-0.005501241,4.316025,24.999890,0.5664
244,36,24.927386517,1.893239551,-0.005501241,4.343286,24.999179,0.9041
245,93,24.927695377,1.899227740,-0.005501241,4.356917,24.999941,0.2812
246,27,24.926855989,1.905128535,-0.005501241,4.370548,24.999553,0.5948
247,43,24.926773128,1.911087146,-0.005501241,4.384179,24.999925,1.0514
248,49,24.925294323,1.928868847,-0.005501241,4.425072,24.999817,0.9353
249,36,24.924676719,1.934786370,-0.005501241,4.438703,24.999658,1.2399
250,59,24.924469450,1.940735768,-0.005501241,4.452334,24.999913,0.8907
251,13,24.923580912,1.946632078,-0.005501241,4.465965,24.999485,1.2564
252,25,24.922676285,1.958492647,-0.005501241,4.493227,24.999510,0.9488
253,35,24.922295942,1.970394693,-0.005501241,4.520489,25.000066,1.5641
254,25,24.922021157,1.976339205,-0.005501241,4.534119,25.000261,1.8407
255,93,24.921177789,1.982238586,-0.005501241,4.547750,24.999887,0.2078
256,65,24.920582171,1.988157555,-0.005501241,4.561381,24.999764,0.6321
257,43,25.000235799,0.009722039,0.000000000,0.022281,25.000238,1.3413
258,8,24.999385483,0.027564128,0.000000000,0.063174,24.999401,1.7692
259,8,25.000120542,0.051355578,0.000000000,0.117698,25.000173,2.4089
260,90,24.999886232,0.069197968,0.000000000,0.158590,24.999982,0.8818
261,32,24.999440261,0.075144266,0.000000000,0.172221,24.999553,0.7565
262,61,24.999858059,0.081093162,0.000000000,0.185852,24.999990,0.8013
263,60,24.999958671,0.087041162,0.000000000,0.199483,25.000110,0.9389
264,30,24.999587046,0.098935068,0.000000000,0.226745,24.999783,1.1842
265,54,25.000489515,0.104886471,0.000000000,0.240376,25.000710,2.2304
266,68,24.999390433,0.122724643,0.000000000,0.281269,24.999692,0.4912
267,79,24.999483622,0.128672744,0.000000000,0.294900,24.999815,0.5988
268,67,24.999745455,0.134621812,0.000000000,0.308531,25.000108,1.3153
269,44,24.999349770,0.158410345,0.000000000,0.363054,24.999852,1.2665
270,36,24.998365573,0.164351584,0.000000000,0.376685,24.998906,0.6814
271,55,24.999322009,0.170305593,0.000000000,0.390316,24.999902,0.6058
272,31,24.999390398,0.182201592,0.000000000,0.417578,25.000054,1.3921
273,83,24.999497127,0.188150192,0.000000000,0.431209,25.000205,1.0203
274,71,24.998620035,0.200038884,0.000000000,0.458471,24.999420,0.6295
275,23,24.999016278,0.217885448,0.000000000,0.499364,24.999966,1.4779
276,50,24.998679529,0.223830279,0.000000000,0.512995,24.999682,1.2187
277,76,24.998270719,0.241669779,0.000000000,0.553887,24.999439,0.5115
278,16,24.998378119,0.247618617,0.000000000,0.567518,24.999604,1.3314
279,60,24.998523005,0.253567915,0.000000000,0.581149,24.999809,0.7057
280,65,24.998555968,0.259516148,0.000000000,0.594780,24.999903,1.0700
281,52,24.998562602,0.265464146,0.000000000,0.608411,24.999972,0.6692
282,39,24.998484565,0.271411259,0.000000000,0.622042,24.999958,1.1185
283,89,24.998494808,0.277359344,0.000000000,0.635673,25.000033,0.6234
284,78,24.998382216,0.283306074,0.000000000,0.649304,24.999988,0.5838
285,45,24.998031795,0.289250031,0.000000000,0.662935,24.999705,0.8869
286,70,24.997939576,0.295196902,0.000000000,0.676566,24.999682,0.8066
287,23,24.997960387,0.301145125,0.000000000,0.690197,24.999774,1.6253
288,50,24.998127098,0.307095184,0.000000000,0.703828,25.000013,1.6351
289,34,24.997873711,0.313040096,0.000000000,0.717459,24.999834,1.4893
290,48,24.997525229,0.318983710,0.000000000,0.731090,24.999560,0.8789
291,41,24.997096188,0.324926146,0.000000000,0.744720,24.999208,0.9279
292,62,24.997410141,0.336826311,0.000000000,0.771982,24.999679,0.6044
293,87,24.997648980,0.342777685,0.000000000,0.785613,24.999999,0.5881
294,19,24.997306104,0.348721096,0.000000000,0.799244,24.999738,1.4812
295,32,24.997009095,0.354665034,0.000000000,0.812875,24.999525,0.7398
296,93,24.997397258,0.360618756,0.000000000,0.826506,24.999998,0.2976
297,77,24.997160675,0.366563541,0.000000000,0.840137,24.999848,0.6901
298,26,24.996883704,0.372507654,0.000000000,0.853768,24.999659,0.9609
299,93,24.996922783,0.378456462,0.000000000,0.867399,24.999788,0.2859
300,46,24.996661573,0.384400714,0.000000000,0.881030,24.999617,0.7405
301,79,24.996937794,0.396301637,0.000000000,0.908292,25.000079,0.7944
302,12,24.995812851,0.408180121,0.000000000,0.935553,24.999145,1.8482
303,36,24.996479935,0.414139402,0.000000000,0.949184,24.999910,1.4623
304,86,24.996496179,0.420088110,0.000000000,0.962815,25.000026,0.5463
305,68,24.996266648,0.426032684,0.000000000,0.976446,24.999897,0.6770
306,33,24.996384584,0.431983201,0.000000000,0.990077,25.000117,1.1544
307,95,24.996146456,0.443876135,0.000000000,1.017339,25.000087,0.5239
308,30,24.995578054,0.455763021,0.000000000,1.044601,24.999733,1.2180
309,68,24.995514733,0.467659023,0.000000000,1.071863,24.999889,0.6844
310,38,24.995351063,0.473604578,0.000000000,1.085494,24.999838,1.3977
311,62,24.995001883,0.479546551,0.000000000,1.099125,24.999602,0.5245
312,58,24.995187019,0.491447532,0.000000000,1.126387,25.000018,1.1545
313,56,24.995157695,0.497395746,0.000000000,1.140017,25.000106,1.4638
314,89,24.994814038,0.503337673,0.000000000,1.153648,24.999882,0.4914
315,48,24.994445974,0.515227787,0.000000000,1.180910,24.999756,0.9737
316,70,24.994868630,0.521185451,0.000000000,1.194541,25.000302,1.5019
317,47,24.994359562,0.527123725,0.000000000,1.208172,24.999917,1.0139
318,88,24.994415404,0.539022887,0.000000000,1.235434,25.000227,0.8651
319,46,24.993949105,0.544961804,0.000000000,1.249065,24.999890,1.0355
320,12,24.993185653,0.556842925,0.000000000,1.276327,24.999388,1.9673
321,82,24.993778330,0.562805249,0.000000000,1.289958,25.000114,0.6452
322,95,24.993484778,0.568747752,0.000000000,1.303589,24.999955,0.3899
323,68,24.993289724,0.580641640,0.000000000,1.330850,25.000034,0.8299
324,59,24.993232604,0.586589561,0.000000000,1.344481,25.000115,1.0883
325,37,24.993302261,0.592540527,0.000000000,1.358112,25.000325,1.9316
326,41,24.992446177,0.598469425,0.000000000,1.371743,24.999611,0.9943
327,89,24.992419001,0.616316748,0.000000000,1.412636,25.000017,0.6537
328,61,24.992226322,0.622261414,0.000000000,1.426267,24.999972,0.5988
329,34,24.992372360,0.628214572,0.000000000,1.439898,25.000267,1.9809
330,78,24.991499621,0.646041009,0.000000000,1.480791,24.999848,0.4786
331,65,24.991576980,0.651992631,0.000000000,1.494422,25.000080,1.0107
332,23,24.991023962,0.663877406,0.000000000,1.521684,24.999840,1.3753
333,63,24.991172071,0.669831090,0.000000000,1.535314,25.000147,1.1046
334,79,24.991026409,0.675776976,0.000000000,1.548945,25.000162,0.8825
335,12,24.990433354,0.681710665,0.000000000,1.562576,24.999730,2.2545
336,45,24.989804388,0.705492590,0.000000000,1.617100,24.999761,0.8475
337,56,24.989175926,0.711424667,0.000000000,1.630731,24.999301,0.6714
338,72,24.989599926,0.723336820,0.000000000,1.657993,25.000066,0.7989
339,22,24.989220041,0.729275898,0.000000000,1.671624,24.999859,1.3981
340,41,24.989337742,0.735229517,0.000000000,1.685255,25.000151,1.5661
341,55,24.988668405,0.741159932,0.000000000,1.698886,24.999657,0.5932
342,43,24.988090388,0.758993205,0.000000000,1.739778,24.999615,0.8010
343,31,24.987960888,0.764939551,0.000000000,1.753409,24.999666,1.1214
344,89,24.987933946,0.770889086,0.000000000,1.767040,24.999822,0.4848
345,37,24.987726206,0.782783561,0.000000000,1.794302,24.999984,1.4917
346,30,24.986884894,0.788707579,0.000000000,1.807933,24.999330,0.7635
347,89,24.987082906,0.800614940,0.000000000,1.835195,24.999906,0.4811
348,7,24.986542195,0.806548178,0.000000000,1.848826,24.999556,2.2635
349,53,24.986238180,0.818439619,0.000000000,1.876088,24.999639,1.3995
350,49,24.985655524,0.836272698,0.000000000,1.916981,24.999647,0.5187
351,33,24.984842737,0.866000036,0.000000000,1.985135,24.999846,0.9730
352,84,24.984656897,0.871944750,0.000000000,1.998766,24.999867,0.4442
353,85,24.984805753,0.877901236,0.000000000,2.012397,25.000225,1.2292
354,94,24.984406929,0.883838517,0.000000000,2.026028,25.000035,0.3420
355,81,24.984105110,0.889779163,0.000000000,2.039659,24.999944,0.5646
356,22,24.983534586,0.895710132,0.000000000,2.053290,24.999586,1.0450
357,32,24.983382171,0.901656021,0.000000000,2.066921,24.999647,1.2231
358,51,24.982806340,0.919489503,0.000000000,2.107814,24.999721,1.0073
359,73,24.982483992,0.931380848,0.000000000,2.135075,24.999840,0.8248
360,51,24.982011525,0.937314883,0.000000000,2.148706,24.999589,0.8894
361,50,24.981582901,0.943250456,0.000000000,2.162337,24.999384,1.0044
362,52,24.981827906,0.949211526,0.000000000,2.175968,24.999855,0.6835
363,23,24.981379337,0.955146302,0.000000000,2.189599,24.999632,1.3599
364,77,24.981360653,0.961097512,0.000000000,2.203230,24.999842,0.6561
365,56,24.981351015,0.967049171,0.000000000,2.216861,25.000062,1.4278
366,51,24.980991238,0.972987299,0.000000000,2.230492,24.999933,1.2243
367,59,24.980616336,0.978924772,0.000000000,2.244123,24.999790,0.7737
368,74,24.980346290,0.990818545,0.000000000,2.271385,24.999988,0.6970
369,32,24.980041075,0.996758713,0.000000000,2.285016,24.999920,1.1080
370,30,24.979554159,1.008643938,0.000000000,2.312278,24.999910,1.1409
371,89,24.979357257,1.020541006,0.000000000,2.339539,25.000196,0.7939
372,54,24.979267605,1.026490004,0.000000000,2.353170,25.000350,1.9067
373,94,24.978505323,1.038363987,0.000000000,2.380432,25.000079,0.3944
374,79,24.978034585,1.044297136,0.000000000,2.394063,24.999855,0.5641
375,83,24.977739101,1.050237549,0.000000000,2.407694,24.999809,0.6274
376,39,24.977551404,1.062135458,0.000000000,2.434956,25.000124,1.2811
377,47,24.976817646,1.068057162,0.000000000,2.448587,24.999643,0.7339
378,62,24.977019763,1.074018880,0.000000000,2.462218,25.000101,0.8369
379,63,24.976324300,1.079942006,0.000000000,2.475849,24.999661,0.6486
380,66,24.976118855,1.091839455,0.000000000,2.503111,24.999973,0.9692
381,79,24.976084423,1.097791294,0.000000000,2.516742,25.000199,0.8990
382,92,24.975441740,1.103716360,0.000000000,2.530372,24.999818,0.2439
383,55,24.975129373,1.115609413,0.000000000,2.557634,25.000033,0.6569
384,95,24.974835709,1.121549844,0.000000000,2.571265,25.000006,0.4444
385,20,24.974443350,1.139393353,0.000000000,2.612158,25.000421,2.0762
386,48,24.973951222,1.145324751,0.000000000,2.625789,25.000200,1.4027
387,47,24.973447220,1.151255497,0.000000000,2.639420,24.999969,0.9932
388,63,24.973021806,1.157189775,0.000000000,2.653051,24.999818,0.8490
389,51,24.972585170,1.163123458,0.000000000,2.666682,24.999657,0.9360
390,39,24.972795050,1.169087332,0.000000000,2.680313,25.000145,1.3507
391,78,24.972306722,1.175018585,0.000000000,2.693944,24.999935,0.5335
392,67,24.972309422,1.180972960,0.000000000,2.707575,25.000219,1.4496
393,36,24.972063378,1.186915648,0.000000000,2.721206,25.000254,1.8138
394,65,24.971343263,1.192835708,0.000000000,2.734836,24.999817,0.6439
395,21,24.971453674,1.198795430,0.000000000,2.748467,25.000212,2.0680
396,43,24.970126498,1.210640389,0.000000000,2.775729,24.999457,0.7280
397,92,24.970511863,1.216613707,0.000000000,2.789360,25.000132,0.5456
398,90,24.970108735,1.222548741,0.000000000,2.802991,25.000019,0.9036
399,20,24.969776340,1.228487202,0.000000000,2.816622,24.999978,1.7112
400,58,24.969362961,1.234421640,0.000000000,2.830253,24.999858,1.0047
401,30,24.968926542,1.240354876,0.000000000,2.843884,24.999715,0.9235
402,84,24.968633654,1.252250234,0.000000000,2.871146,25.000016,0.6128
403,60,24.967977688,1.258172345,0.000000000,2.884777,24.999658,0.7598
404,17,24.967847680,1.264120915,0.000000000,2.898408,24.999828,1.7989
405,15,24.966383969,1.275956783,0.000000000,2.925670,24.998968,0.8749
406,40,24.966689552,1.287883102,0.000000000,2.952931,24.999885,1.3341
407,60,24.966336300,1.293820365,0.000000000,2.966562,24.999838,0.7367
408,56,24.965358351,1.305680630,0.000000000,2.993824,24.999478,0.8669
409,34,24.965390831,1.311638031,0.000000000,3.007455,24.999823,1.6169
410,37,24.965090249,1.323533947,0.000000000,3.034717,25.000149,1.6825
411,48,24.964462909,1.329456618,0.000000000,3.048348,24.999837,0.9912
412,65,24.964110831,1.335393865,0.000000000,3.061979,24.999802,0.6717
413,69,24.964106920,1.341349803,0.000000000,3.075610,25.000117,1.0667
414,79,24.963447666,1.347270523,0.000000000,3.089241,24.999777,0.4885
415,82,24.963511844,1.353230297,0.000000000,3.102872,25.000163,0.6771
416,59,24.963075896,1.359163025,0.000000000,3.116503,25.000050,1.0081
417,35,24.962032338,1.371018891,0.000000000,3.143764,24.999655,1.1905
418,95,24.962030285,1.376975354,0.000000000,3.157395,24.999980,0.4238
419,25,24.960819593,1.400735285,0.000000000,3.211919,25.000091,1.4844
420,94,24.960419609,1.406669819,0.000000000,3.225550,25.000025,0.3430
421,68,24.960055907,1.412606374,0.000000000,3.239181,24.999997,0.7593
422,68,24.959528820,1.418533631,0.000000000,3.252812,24.999806,0.5925
423,4,24.959272055,1.424476225,0.000000000,3.266443,24.999888,2.5888
424,89,24.958847697,1.430409254,0.000000000,3.280074,24.999803,0.3980
425,70,24.959016990,1.436376406,0.000000000,3.293705,25.000314,1.4960
426,90,24.958348407,1.448253001,0.000000000,3.320967,25.000332,1.2337
427,12,24.957587056,1.454166423,0.000000000,3.334597,24.999915,2.5447
428,56,24.957318424,1.460108472,0.000000000,3.348228,24.999993,1.3625
429,63,24.956774414,1.466034383,0.000000000,3.361859,24.999797,0.7669
430,27,24.956048992,1.471949500,0.000000000,3.375490,24.999420,0.8585
431,94,24.956311221,1.477922927,0.000000000,3.389121,25.000035,0.3485
432,92,24.955821855,1.483851958,0.000000000,3.402752,24.999897,0.3411
433,93,24.955446095,1.489787706,0.000000000,3.416383,24.999875,0.2692
434,63,24.954825064,1.495708743,0.000000000,3.430014,24.999609,0.6270
435,89,24.954923693,1.501672960,0.000000000,3.443645,25.000065,0.6705
436,49,24.954352090,1.507596902,0.000000000,3.457276,24.999851,0.8364
437,58,24.954046816,1.513536897,0.000000000,3.470907,24.999905,1.1224
438,53,24.953545433,1.519464976,0.000000000,3.484538,24.999764,1.4164
439,83,24.953445096,1.525417505,0.000000000,3.498169,25.000026,0.8267
440,57,24.952411650,1.537271633,0.000000000,3.525430,24.999721,0.5844
441,14,24.950632403,1.555038009,0.000000000,3.566323,24.999044,1.7582
442,16,24.950250455,1.572891514,0.000000000,3.607216,24.999780,1.4244
443,95,24.949995289,1.578834827,0.000000000,3.620847,24.999900,0.3357
444,32,24.949371832,1.584754803,0.000000000,3.634478,24.999652,0.9842
445,59,24.948997059,1.596650219,0.000000000,3.661740,25.000035,1.0983
446,73,24.948518779,1.602579378,0.000000000,3.675371,24.999937,0.7267
447,94,24.948149922,1.608515546,0.000000000,3.689002,24.999950,0.2658
448,88,24.947530073,1.614435479,0.000000000,3.702633,24.999713,0.3409
449,22,24.947359329,1.620384469,0.000000000,3.716264,24.999928,1.5065
450,87,24.946539946,1.632251488,0.000000000,3.743525,24.999882,0.4798
451,84,24.946382505,1.638201548,0.000000000,3.757156,25.000114,0.6725
452,79,24.944760913,1.655976099,0.000000000,3.798049,24.999667,0.3895
453,35,24.944886587,1.661945194,0.000000000,3.811680,25.000189,1.7381
454,53,24.942720723,1.685643729,0.000000000,3.866204,24.999614,1.3983
455,47,24.942296963,1.691576176,0.000000000,3.879835,24.999592,0.5280
456,68,24.941948419,1.703475119,0.000000000,3.907097,25.000052,0.7940
457,93,24.940278387,1.721245189,0.000000000,3.947989,24.999603,0.2788
458,67,24.939791520,1.733135085,0.000000000,3.975251,24.999939,1.1691
459,62,24.939283936,1.739061734,0.000000000,3.988882,24.999844,0.6504
460,23,24.938835624,1.750954698,0.000000000,4.016144,25.000227,1.6982
461,92,24.937814159,1.762807514,0.000000000,4.043406,25.000041,0.5028
462,83,24.936411653,1.780595674,0.000000000,4.084299,24.999903,0.6974
463,59,24.936047538,1.786532424,0.000000000,4.097930,24.999963,0.9052
464,86,24.935156561,1.798394276,0.000000000,4.125191,24.999925,0.4180
465,85,24.934439063,1.804305506,0.000000000,4.138822,24.999635,0.6368
466,72,24.934491265,1.810272479,0.000000000,4.152453,25.000119,0.8341
467,23,24.932551172,1.822057708,0.000000000,4.179715,24.999040,0.6814
468,12,24.932172939,1.839920475,0.000000000,4.220608,24.999971,2.5725
469,81,24.930318333,1.863638648,0.000000000,4.275132,24.999878,0.5078
470,25,24.930117057,1.869587841,0.000000000,4.288763,25.000122,1.5420
471,78,24.929529041,1.875508056,0.000000000,4.302394,24.999979,0.5727
472,74,24.928912078,1.881426019,0.000000000,4.316025,24.999808,0.6272
473,73,24.928633804,1.887369542,0.000000000,4.329655,24.999979,0.6666
474,71,24.927901677,1.893278678,0.000000000,4.343286,24.999696,0.8771
475,20,24.926065286,1.916997869,0.000000000,4.397810,24.999672,1.5763
476,91,24.925909062,1.922951027,0.000000000,4.411441,24.999974,0.4858
477,61,24.925336209,1.928872088,0.000000000,4.425072,24.999859,0.5183
478,43,24.924437208,1.934767777,0.000000000,4.438703,24.999418,0.7042
479,72,24.924647620,1.940749641,0.000000000,4.452334,25.000091,0.8221
480,70,24.923272596,1.952573641,0.000000000,4.479596,24.999641,0.8433
481,49,24.922352210,1.964433049,0.000000000,4.506858,24.999653,0.6286
482,54,24.922064672,1.970376408,0.000000000,4.520489,24.999834,1.3661
483,47,24.921834242,1.976324383,0.000000000,4.534119,25.000074,1.0519
484,66,24.921169315,1.982237912,0.000000000,4.547750,24.999879,0.8081
485,47,24.999585482,0.009721786,0.005501241,0.022281,24.999587,0.5997
486,25,24.999812491,0.015669447,0.005501241,0.035912,24.999817,1.3189
487,68,24.999888506,0.021617088,0.005501241,0.049543,24.999898,0.6874
488,87,25.000041283,0.033512486,0.005501241,0.076805,25.000064,0.6756
489,38,24.999362228,0.039459052,0.005501241,0.090436,24.999393,0.9441
490,81,24.999585851,0.057302025,0.005501241,0.131329,24.999652,0.2766
491,76,24.999875943,0.063250311,0.005501241,0.144959,24.999956,0.8020
492,50,24.999504495,0.069196911,0.005501241,0.158590,24.999600,1.2180
493,40,24.999864942,0.075145542,0.005501241,0.172221,24.999978,1.4306
494,64,24.999882243,0.081093240,0.005501241,0.185852,25.000014,1.0701
495,66,24.999721930,0.087040337,0.005501241,0.199483,24.999873,0.7860
496,84,24.999862980,0.098936160,0.005501241,0.226745,25.000059,0.6109
497,63,24.999546439,0.110830133,0.005501241,0.254007,24.999792,0.8011
498,90,24.999552173,0.116777791,0.005501241,0.267638,24.999825,0.7330
499,83,24.999679676,0.122726063,0.005501241,0.281269,24.999981,0.7655
500,88,24.999657759,0.128673640,0.005501241,0.294900,24.999989,0.6204
501,78,24.999790514,0.134622055,0.005501241,0.308531,25.000153,0.7777
502,75,24.999726661,0.140569442,0.005501241,0.322162,25.000122,0.9199
503,32,24.999200062,0.152461741,0.005501241,0.349423,24.999665,0.9569
504,54,24.999341653,0.158410294,0.005501241,0.363054,24.999844,1.4035
505,63,24.999251499,0.164357408,0.005501241,0.376685,24.999792,0.7626
506,92,24.999466157,0.170306575,0.005501241,0.390316,25.000046,0.4586
507,19,24.999177994,0.176252318,0.005501241,0.403947,24.999799,1.6009
508,37,24.999066430,0.182199231,0.005501241,0.417578,24.999730,1.5217
509,77,24.999266072,0.188148454,0.005501241,0.431209,24.999974,0.8437
510,49,24.999181941,0.200043380,0.005501241,0.458471,24.999982,0.8449
511,55,24.998744851,0.205987592,0.005501241,0.472102,24.999593,0.4578
512,86,24.999008962,0.211937564,0.005501241,0.485733,24.999907,0.3985
513,62,24.998882948,0.229779940,0.005501241,0.526626,24.999939,0.7068
514,32,24.998627835,0.235725400,0.005501241,0.540256,24.999739,0.9939
515,56,24.998749690,0.253570214,0.005501241,0.581149,25.000036,1.3704
516,86,24.998652253,0.259517147,0.005501241,0.594780,24.999999,0.4857
517,47,24.998427043,0.277358593,0.005501241,0.635673,24.999966,0.9054
518,56,24.998079051,0.283302638,0.005501241,0.649304,24.999684,1.0698
519,84,24.998392467,0.289254204,0.005501241,0.662935,25.000066,0.7037
520,74,24.998001708,0.307093643,0.005501241,0.703828,24.999888,0.6195
521,68,24.997833417,0.313039591,0.005501241,0.717459,24.999793,0.5631
522,59,24.997987255,0.318989605,0.005501241,0.731090,25.000022,0.9206
523,70,24.998052496,0.330886753,0.005501241,0.758351,25.000242,1.3629
524,94,24.997871634,0.336832529,0.005501241,0.771982,25.000141,0.4554
525,37,24.997543575,0.342776239,0.005501241,0.785613,24.999894,1.4848
526,78,24.997376634,0.360618458,0.005501241,0.826506,24.999978,0.5611
527,52,24.997311787,0.366565757,0.005501241,0.840137,24.999999,0.7212
528,40,24.996830646,0.390351604,0.005501241,0.894661,24.999878,1.3036
529,10,24.997288739,0.396307201,0.005501241,0.908292,25.000430,2.5438
530,92,24.996567935,0.402244090,0.005501241,0.921923,24.999804,0.2293
531,45,24.996444507,0.426035715,0.005501241,0.976446,25.000075,1.1537
532,70,24.996171146,0.437928018,0.005501241,1.003708,25.000007,1.2053
533,66,24.996131061,0.443875862,0.005501241,1.017339,25.000072,1.0394
534,61,24.995991971,0.449821955,0.005501241,1.030970,25.000039,0.7497
535,82,24.995640788,0.461712747,0.005501241,1.058232,24.999905,0.5144
536,27,24.995218872,0.473602074,0.005501241,1.085494,24.999705,0.7500
537,43,24.995019102,0.485495528,0.005501241,1.112756,24.999734,0.8421
538,22,24.995060769,0.497393817,0.005501241,1.140017,25.000009,1.5282
539,10,24.994752107,0.509285233,0.005501241,1.167279,24.999940,2.0092
540,86,24.994533335,0.515229588,0.005501241,1.180910,24.999843,0.3423
541,30,24.994876420,0.521185614,0.005501241,1.194541,25.000310,1.5843
542,51,24.994242752,0.533070183,0.005501241,1.221803,24.999927,1.2216
543,26,24.994122144,0.539016563,0.005501241,1.235434,24.999934,1.3335
544,65,24.994125836,0.544965657,0.005501241,1.249065,25.000066,1.0229
545,63,24.993501869,0.550900980,0.005501241,1.262696,24.999573,0.5380
546,24,24.993541325,0.562799912,0.005501241,1.289958,24.999877,1.3645
547,63,24.993257835,0.568742587,0.005501241,1.303589,24.999728,0.6707
548,10,24.993518893,0.574697713,0.005501241,1.317220,25.000125,2.2520
549,12,24.993522472,0.586596364,0.005501241,1.344481,25.000405,2.9111
550,64,24.993225810,0.592538714,0.005501241,1.358112,25.000249,1.2393
551,33,24.992754003,0.598476797,0.005501241,1.371743,24.999919,1.0919
552,34,24.992662055,0.604423908,0.005501241,1.385374,24.999970,1.7136
553,9,24.992219212,0.616311821,0.005501241,1.412636,24.999817,2.1677
554,69,24.992194030,0.628210090,0.005501241,1.439898,25.000088,1.0728
555,38,24.991534850,0.634142915,0.005501241,1.453529,24.999579,1.1540
556,16,24.991231759,0.640084618,0.005501241,1.467160,24.999427,1.0621
557,38,24.991417085,0.646038876,0.005501241,1.480791,24.999766,1.3252
558,49,24.991349220,0.651986689,0.005501241,1.494422,24.999852,0.7857
559,36,24.990967152,0.657926272,0.005501241,1.508053,24.999626,1.1888
560,46,24.991075462,0.669828500,0.005501241,1.535314,25.000050,1.1448
561,60,24.990796969,0.675770771,0.005501241,1.548945,24.999932,0.8805
562,51,24.990895577,0.681723274,0.005501241,1.562576,25.000192,1.4483
563,0,24.989027669,0.693571333,0.005501241,1.589838,24.998651,2.5975
564,91,24.990056355,0.705499703,0.005501241,1.617100,25.000013,0.5525
565,59,24.989841294,0.717393667,0.005501241,1.644362,25.000136,1.0788
566,56,24.989223106,0.723325913,0.005501241,1.657993,24.999689,1.0283
567,83,24.989139867,0.741173915,0.005501241,1.698886,25.000129,0.8941
568,36,24.988370332,0.747101212,0.005501241,1.712517,24.999536,1.0739
569,19,24.988302855,0.753049384,0.005501241,1.726148,24.999647,1.3636
570,28,24.987767706,0.770883958,0.005501241,1.767040,24.999656,0.8179
571,57,24.987860652,0.782787772,0.005501241,1.794302,25.000119,0.9047
572,87,24.987604872,0.788730305,0.005501241,1.807933,25.000050,0.6358
573,16,24.987621089,0.794681456,0.005501241,1.821564,25.000255,1.9474
574,47,24.986852931,0.800607572,0.005501241,1.835195,24.999676,0.7257
575,27,24.986680243,0.812503321,0.005501241,1.862457,24.999887,0.9260
576,88,24.986496095,0.824398895,0.005501241,1.889719,25.000092,0.7941
577,7,24.986591701,0.830352994,0.005501241,1.903350,25.000385,2.9117
578,72,24.985771516,0.842227517,0.005501241,1.930611,24.999963,0.6739
579,65,24.985360871,0.854115642,0.005501241,1.957873,24.999955,0.9353
580,19,24.985201529,0.860061284,0.005501241,1.971504,25.000000,1.8153
581,32,24.984681951,0.865994463,0.005501241,1.985135,24.999686,1.1820
582,47,24.984491179,0.871938967,0.005501241,1.998766,24.999702,0.7422
583,44,24.984387101,0.877886525,0.005501241,2.012397,24.999806,1.2151
584,80,24.984097447,0.883827569,0.005501241,2.026028,24.999726,0.3588
585,91,24.984100532,0.889779000,0.005501241,2.039659,24.999940,0.4333
586,38,24.983671241,0.895715031,0.005501241,2.053290,24.999723,1.2785
587,2,24.984557130,0.907650160,0.005501241,2.080552,25.001038,4.6766
588,85,24.983445086,0.913561335,0.005501241,2.094183,25.000142,1.1556
589,3,24.982875288,0.925443685,0.005501241,2.121445,25.000010,1.9134
590,69,24.982367256,0.937328230,0.005501241,2.148706,24.999945,0.9032
591,57,24.982219800,0.943274504,0.005501241,2.162337,25.000021,0.8359
592,79,24.981472365,0.967053869,0.005501241,2.216861,25.000183,0.9757
593,67,24.981194069,0.978947412,0.005501241,2.244123,25.000368,1.5386
594,50,24.980742642,0.984881938,0.005501241,2.257754,25.000150,1.8651
595,60,24.979532043,1.002690666,0.005501241,2.298647,24.999648,0.5866
596,69,24.979672004,1.008648697,0.005501241,2.312278,25.000028,1.0293
597,65,24.979157884,1.014580341,0.005501241,2.325909,24.999754,0.9425
598,88,24.979263740,1.020537185,0.005501241,2.339539,25.000102,0.7345
599,44,24.979112907,1.026483647,0.005501241,2.353170,25.000195,1.6119
600,21,24.978968613,1.032430423,0.005501241,2.366801,25.000296,2.0963
601,25,24.978311063,1.044308696,0.005501241,2.394063,25.000132,1.4644
602,48,24.978021613,1.050249428,0.005501241,2.407694,25.000092,1.2687
603,70,24.977156243,1.062118654,0.005501241,2.434956,24.999729,0.8441
604,63,24.977175508,1.068072465,0.005501241,2.448587,25.000002,0.9486
605,39,24.976653071,1.079956222,0.005501241,2.475849,24.999990,1.1424
606,37,24.976770695,1.085914568,0.005501241,2.489480,25.000366,2.0423
607,43,24.975555616,1.091814833,0.005501241,2.503111,24.999409,0.9182
608,37,24.975776000,1.097777737,0.005501241,2.516742,24.999890,1.5198
609,19,24.974645975,1.121541323,0.005501241,2.571265,24.999816,1.5433
610,74,24.974489581,1.127487893,0.005501241,2.584896,24.999927,0.6276
611,79,24.974138904,1.133425698,0.005501241,2.598527,24.999845,0.5635
612,38,24.974091591,1.139377305,0.005501241,2.612158,25.000069,1.6225
613,28,24.973780386,1.145316916,0.005501241,2.625789,25.000029,1.1772
614,75,24.973383744,1.151252571,0.005501241,2.639420,24.999906,0.7557
615,61,24.973184643,1.157197320,0.005501241,2.653051,24.999981,0.8263
616,72,24.973034763,1.163144398,0.005501241,2.666682,25.000107,0.7889
617,16,24.971758852,1.174992806,0.005501241,2.693944,24.999387,0.9662
618,66,24.972256947,1.180970479,0.005501241,2.707575,25.000166,1.1242
619,25,24.971704614,1.186898596,0.005501241,2.721206,24.999895,1.2479
620,88,24.971498104,1.192843104,0.005501241,2.734836,24.999972,0.6414
621,87,24.971121415,1.204733984,0.005501241,2.762098,25.000166,0.7489
622,45,24.970108622,1.216594060,0.005501241,2.789360,24.999729,0.8488
623,69,24.969437317,1.234425316,0.005501241,2.830253,24.999932,0.8795
624,77,24.968980969,1.240357580,0.005501241,2.843884,24.999770,0.6341
625,85,24.969205833,1.246323769,0.005501241,2.857515,25.000291,1.2420
626,3,24.968195649,1.252228266,0.005501241,2.871146,24.999577,1.4116
627,79,24.967773318,1.270072397,0.005501241,2.912039,25.000056,0.7861
628,69,24.967327639,1.281960442,0.005501241,2.939300,25.000217,1.1836
629,77,24.967062188,1.287902324,0.005501241,2.952931,25.000258,1.0912
630,41,24.965766987,1.293790862,0.005501241,2.966562,24.999268,0.7595
631,71,24.965438040,1.311640511,0.005501241,3.007455,24.999870,1.0387
632,80,24.965422410,1.317595549,0.005501241,3.021086,25.000167,0.8076
633,77,24.964618679,1.329464914,0.005501241,3.048348,24.999993,0.8593
634,93,24.964254970,1.335401575,0.005501241,3.061979,24.999946,0.2778
635,24,24.963337368,1.341308454,0.005501241,3.075610,24.999346,0.9820
636,85,24.963638488,1.347280821,0.005501241,3.089241,24.999968,0.9111
637,95,24.963315779,1.353219668,0.005501241,3.102872,24.999967,0.4110
638,80,24.962845090,1.359150458,0.005501241,3.116503,24.999818,0.4533
639,3,24.961946851,1.365057796,0.005501241,3.130133,24.999243,1.2312
640,49,24.961688559,1.382913154,0.005501241,3.171026,24.999967,0.8385
641,18,24.960542475,1.394762884,0.005501241,3.198288,24.999481,1.6055
642,23,24.960620659,1.406681149,0.005501241,3.225550,25.000227,1.6890
643,80,24.959674668,1.418541920,0.005501241,3.252812,24.999952,0.5725
644,85,24.959000974,1.430418038,0.005501241,3.280074,24.999957,0.9025
645,59,24.958406825,1.436341292,0.005501241,3.293705,24.999703,0.6457
646,32,24.957938107,1.442271673,0.005501241,3.307336,24.999576,1.1100
647,54,24.957865564,1.448224983,0.005501241,3.320967,24.999848,1.3515
648,51,24.957479816,1.454160174,0.005501241,3.334597,24.999808,1.1303
649,74,24.957487083,1.460118339,0.005501241,3.348228,25.000162,0.8578
650,37,24.957284555,1.466064350,0.005501241,3.361859,25.000308,1.9305
651,26,24.956063266,1.477908243,0.005501241,3.389121,24.999786,1.2816
652,68,24.955433431,1.489786950,0.005501241,3.416383,24.999862,0.6501
653,65,24.955569035,1.495753335,0.005501241,3.430014,25.000354,1.2212
654,10,24.954548795,1.501650400,0.005501241,3.443645,24.999689,1.7906
655,71,24.954483794,1.507604859,0.005501241,3.457276,24.999983,1.1808
656,38,24.954776467,1.513581152,0.005501241,3.470907,25.000636,2.1988
657,27,24.953375349,1.525413241,0.005501241,3.498169,24.999957,1.2239
658,49,24.953196543,1.531361063,0.005501241,3.511800,25.000142,1.0040
659,70,24.952607253,1.537283684,0.005501241,3.525430,24.999917,1.1659
660,48,24.952661990,1.543246029,0.005501241,3.539061,25.000339,1.5589
661,30,24.951475953,1.549131542,0.005501241,3.552692,24.999519,1.1298
662,40,24.951471490,1.567008917,0.005501241,3.593585,25.000629,2.0216
663,28,24.950016838,1.578836190,0.005501241,3.620847,24.999921,1.0996
664,80,24.948177133,1.608517301,0.005501241,3.689002,24.999977,0.6414
665,54,24.947904815,1.614459729,0.005501241,3.702633,25.000089,1.6317
666,68,24.947302584,1.620380783,0.005501241,3.716264,24.999871,0.6377
667,3,24.946182437,1.626267969,0.005501241,3.729894,24.999135,0.8798
668,60,24.946076763,1.638181470,0.005501241,3.757156,24.999808,0.7805
669,44,24.945746822,1.644120198,0.005501241,3.770787,24.999868,1.3061
670,19,24.945559844,1.650068412,0.005501241,3.784418,25.000074,1.8150
671,19,24.944990539,1.655991343,0.005501241,3.798049,24.999897,1.6359
672,67,24.944679662,1.661931408,0.005501241,3.811680,24.999981,1.1958
673,38,24.944167960,1.667858085,0.005501241,3.825311,24.999865,1.4105
674,63,24.943415289,1.673768538,0.005501241,3.838942,24.999509,0.5463
675,34,24.943229793,1.679717016,0.005501241,3.852573,24.999723,1.2810
676,95,24.943134199,1.685671672,0.005501241,3.866204,25.000029,0.4668
677,48,24.942501920,1.691590076,0.005501241,3.879835,24.999798,1.0586
678,46,24.942014307,1.697518216,0.005501241,3.893466,24.999713,0.8469
679,13,24.941515035,1.703445520,0.005501241,3.907097,24.999618,1.4456
680,37,24.941043108,1.709374653,0.005501241,3.920728,24.999552,1.1608
681,88,24.941083226,1.715338971,0.005501241,3.934358,25.000000,0.6555
682,59,24.940653209,1.721271057,0.005501241,3.947989,24.999979,0.8568
683,17,24.940058262,1.727191711,0.005501241,3.961620,24.999794,1.7133
684,83,24.939936700,1.733145174,0.005501241,3.975251,25.000085,0.9016
685,19,24.939024114,1.745005675,0.005501241,4.002513,24.999999,1.7671
686,90,24.938097541,1.756865112,0.005501241,4.029775,24.999906,0.8067
687,40,24.937923011,1.762815209,0.005501241,4.043406,25.000150,1.5961
688,50,24.936983781,1.768711185,0.005501241,4.057037,24.999630,1.2242
689,85,24.936763668,1.780620810,0.005501241,4.084299,25.000256,1.1937
690,80,24.936109887,1.786536892,0.005501241,4.097930,25.000026,0.6319
691,43,24.935623557,1.792464901,0.005501241,4.111561,24.999965,1.0906
692,22,24.934919615,1.798377187,0.005501241,4.125191,24.999688,1.2659
693,31,24.934515941,1.810274270,0.005501241,4.152453,25.000144,1.4801
694,28,24.933968341,1.816197790,0.005501241,4.166084,25.000027,1.1702
695,95,24.933015761,1.828055122,0.005501241,4.193346,24.999941,0.3823
696,84,24.932569977,1.833986002,0.005501241,4.206977,24.999931,0.5756
697,79,24.932206344,1.839922940,0.005501241,4.220608,25.000005,0.7197
698,7,24.930749550,1.845778979,0.005501241,4.234239,24.998983,1.5087
699,55,24.930800292,1.857710485,0.005501241,4.261501,24.999918,0.6649
700,16,24.929421591,1.875499973,0.005501241,4.302394,24.999871,1.4497
701,34,24.928725823,1.881411962,0.005501241,4.316025,24.999622,1.2469
702,38,24.928838374,1.887385031,0.005501241,4.329655,25.000184,1.7170
703,52,24.927731118,1.893265724,0.005501241,4.343286,24.999525,0.4977
704,28,24.927899460,1.899243290,0.005501241,4.356917,25.000146,1.2459
705,66,24.927242280,1.905158059,0.005501241,4.370548,24.999941,0.9061
706,34,24.926288675,1.911050004,0.005501241,4.384179,24.999440,1.1643
707,62,24.925838258,1.922945565,0.005501241,4.411441,24.999903,0.9191
708,65,24.924292318,1.940721975,0.005501241,4.452334,24.999735,0.6419
709,12,24.922934601,1.958512946,0.005501241,4.493227,24.999769,2.3798
710,47,24.921792503,1.970354890,0.005501241,4.520489,24.999561,0.4889
711,85,24.921549711,1.976301819,0.005501241,4.534119,24.999788,0.7926
712,60,24.921374732,1.982254251,0.005501241,4.547750,25.000085,0.9078
