placement_id,shape_index,source_image,grain_id,x_mm,y_mm,z_mm,rot_axis_x,rot_axis_y,rot_axis_z,rot_angle_deg,theta_deg,axial_mm,radius_mm,protrusion_mm,bounding_radius_mm,grain_height_um,grain_volume_um3,equivalent_diameter_um,feret_max_um,feret_min_um
1,61,DIAMOND_11.tif,81,0.999485,0.020604,-0.241917,-0.001977,0.983016,-0.183509,87.221090,1.1809,-0.241917,0.999697,0.000471,0.002323,1.0526,2.9133,2.9314,5.2877,1.7818
2,67,DIAMOND_11.tif,92,0.998483,0.058629,-0.235695,-0.692740,0.255614,-0.674368,109.856732,3.3604,-0.235695,1.000203,0.001369,0.001376,2.0946,4.5898,2.6204,4.5504,2.8789
3,2,DIAMOND_11.tif,5,0.995099,0.083449,-0.240033,-0.703417,0.359688,-0.613049,135.390396,4.7936,-0.240033,0.998592,0.002240,0.004939,6.1317,172.9320,7.2822,10.2853,7.7068
4,53,DIAMOND_11.tif,68,0.990953,0.131620,-0.241783,-0.591610,-0.079973,-0.802248,152.325663,7.5658,-0.241783,0.999656,0.001394,0.002864,2.8584,12.9675,3.2293,5.8149,3.6615
5,18,DIAMOND_11.tif,25,0.987782,0.156274,-0.226490,-0.772720,-0.114694,-0.624298,172.166704,8.9901,-0.226490,1.000068,0.002009,0.005001,3.3099,34.0561,5.0622,9.5853,4.0570
6,26,DIAMOND_11.tif,36,0.983194,0.180693,-0.230831,-0.154585,0.926379,0.343402,91.196705,10.4137,-0.230831,0.999660,0.001085,0.003876,2.3312,18.8512,4.3784,7.3800,3.1732
7,38,DIAMOND_11.tif,51,0.976519,0.215468,-0.237411,-0.567581,0.654603,-0.499345,136.155516,12.4429,-0.237411,1.000008,0.001535,0.002018,2.6315,13.7149,3.6601,4.6655,3.7508
8,22,DIAMOND_11.tif,31,0.967671,0.249994,-0.223302,0.303433,0.664562,0.682851,153.731497,14.4854,-0.223302,0.999442,0.001055,0.002945,2.5253,24.2589,4.7564,6.2282,3.9129
9,9,DIAMOND_11.tif,15,0.954748,0.297763,-0.222219,0.628420,0.248153,0.737230,171.100033,17.3214,-0.222219,1.000103,0.002451,0.003979,3.9470,49.2002,5.7090,7.4169,5.1537
10,92,DIAMOND_11.tif,126,0.948692,0.316018,-0.225071,0.500945,0.516631,0.694368,124.747201,18.4234,-0.225071,0.999942,0.000377,0.000751,0.7223,0.3678,1.4664,2.4982,1.0312
11,23,DIAMOND_11.tif,32,0.929946,0.367495,-0.239561,0.625029,0.348756,0.698360,155.847678,21.5629,-0.239561,0.999926,0.001500,0.003253,2.5047,21.3131,4.6565,8.4243,3.7626
12,32,DIAMOND_11.tif,45,0.918542,0.395276,-0.227529,-0.451399,0.888400,-0.083572,89.994114,23.2836,-0.227529,0.999981,0.001213,0.002670,2.1119,12.6641,3.9129,5.6350,2.7141
13,73,DIAMOND_11.tif,99,0.909329,0.415836,-0.238786,-0.066956,0.883712,0.463216,102.622587,24.5746,-0.238786,0.999899,0.000595,0.001677,1.2256,2.7484,2.4781,4.1438,1.6880
14,13,DIAMOND_11.tif,19,0.894821,0.444648,-0.242603,-0.794341,0.217542,-0.567184,127.011497,26.4233,-0.242603,0.999208,0.000968,0.003320,2.9475,35.7805,5.3648,6.4651,5.1690
15,4,DIAMOND_11.tif,8,0.869317,0.492635,-0.232732,0.579790,0.432522,0.690485,168.270443,29.5399,-0.232732,0.999201,0.001951,0.004101,4.6158,73.3776,6.3488,8.7276,5.7689
16,57,DIAMOND_11.tif,72,0.999652,0.018236,-0.197343,-0.675212,0.037772,-0.736656,178.374138,1.0451,-0.197343,0.999819,0.000648,0.002106,1.3363,5.3831,3.1630,4.8559,2.6014
17,51,DIAMOND_11.tif,66,0.998575,0.055846,-0.189279,-0.399172,0.814010,-0.421958,105.384117,3.2010,-0.189279,1.000135,0.001437,0.001784,2.1914,9.0469,3.3613,4.8757,3.1654
18,31,DIAMOND_11.tif,43,0.996088,0.082436,-0.188573,0.468770,0.551622,0.689905,119.132528,4.7310,-0.188573,0.999494,0.000922,0.002595,2.2881,14.1526,3.9969,5.4815,3.1181
19,10,DIAMOND_11.tif,16,0.993128,0.113726,-0.199416,0.740863,0.160318,0.652242,167.211049,6.5326,-0.199416,0.999618,0.001758,0.003521,3.4750,44.9521,5.5565,6.9330,4.8288
20,30,DIAMOND_11.tif,42,0.987515,0.156214,-0.200359,0.660826,0.167173,0.731685,146.675711,8.9891,-0.200359,0.999795,0.001176,0.002952,2.1106,13.7130,4.0306,5.7484,3.2738
21,69,DIAMOND_11.tif,94,0.982929,0.183999,-0.196410,-0.621504,-0.010637,-0.783339,166.209410,10.6027,-0.196410,1.000002,0.000957,0.001419,1.6246,3.9163,2.5596,3.7240,2.5617
22,87,DIAMOND_11.tif,118,0.972215,0.234337,-0.187133,-0.090237,0.984700,0.149077,98.989851,13.5518,-0.187133,1.000058,0.000671,0.001420,1.0508,1.0922,1.7911,2.9189,1.6823
23,33,DIAMOND_11.tif,46,0.963314,0.267863,-0.199951,0.621550,0.404151,0.671072,168.030907,15.5393,-0.199951,0.999862,0.000936,0.002346,1.7205,10.9902,3.9084,5.2783,3.6731
24,95,DIAMOND_11.tif,130,0.954704,0.297994,-0.202232,0.514671,0.558161,0.650822,140.595167,17.3348,-0.202232,1.000130,0.000568,0.000520,0.7720,0.3081,1.2082,1.4787,1.0867
25,48,DIAMOND_11.tif,63,0.947344,0.318693,-0.195274,0.384600,0.581268,0.717085,127.092181,18.5933,-0.195274,0.999513,0.000703,0.002507,1.9949,8.9620,3.4174,5.5326,3.2778
26,73,DIAMOND_11.tif,99,0.935203,0.354524,-0.190171,0.604973,0.370846,0.704614,137.354906,20.7611,-0.190171,1.000146,0.000889,0.001677,1.2256,2.7484,2.4781,4.1438,1.6880
27,65,DIAMOND_11.tif,89,0.923053,0.384437,-0.202958,0.298179,0.825171,0.479774,115.197283,22.6110,-0.202958,0.999910,0.000751,0.001873,1.5214,4.2247,2.6691,4.0917,2.1900
28,46,DIAMOND_11.tif,60,0.908872,0.415765,-0.189146,-0.609441,-0.160760,-0.776362,140.392892,24.5818,-0.189146,0.999454,0.000617,0.002096,1.8506,8.4267,3.4726,5.0876,2.7590
29,15,DIAMOND_11.tif,21,0.888742,0.458022,-0.203598,-0.660299,-0.047742,-0.749484,139.096132,27.2648,-0.203598,0.999824,0.001002,0.003965,1.8995,20.6013,5.1918,8.8082,3.5099
30,57,DIAMOND_11.tif,72,0.874553,0.484491,-0.188824,0.468396,0.607953,0.641092,151.089358,28.9859,-0.188824,0.999788,0.000589,0.002106,1.3363,5.3831,3.1630,4.8559,2.6014
31,30,DIAMOND_11.tif,42,0.999534,0.026959,-0.160972,-0.445429,0.820363,-0.358606,100.229958,1.5450,-0.160972,0.999897,0.001184,0.002952,2.1106,13.7130,4.0306,5.7484,3.2738
32,48,DIAMOND_11.tif,63,0.998103,0.054584,-0.153035,-0.816609,0.240011,-0.524923,150.197496,3.1303,-0.153035,0.999595,0.000832,0.002507,1.9949,8.9620,3.4174,5.5326,3.2778
33,63,DIAMOND_11.tif,86,0.996526,0.079645,-0.167405,-0.604632,0.429951,-0.670494,129.977321,4.5695,-0.167405,0.999703,0.000669,0.001898,1.6842,4.7862,2.7402,4.4393,2.0872
34,19,DIAMOND_11.tif,26,0.991903,0.124496,-0.169657,0.649003,0.600935,0.466554,131.578714,7.1539,-0.169657,0.999685,0.001448,0.002910,2.8154,28.5622,4.9632,6.3715,4.5700
35,95,DIAMOND_11.tif,130,0.986556,0.162823,-0.169400,-0.490955,0.684824,-0.538498,106.549453,9.3717,-0.169400,0.999902,0.000345,0.000520,0.7720,0.3081,1.2082,1.4787,1.0867
36,21,DIAMOND_11.tif,30,0.981019,0.193649,-0.161155,0.056313,0.955439,0.289767,112.141432,11.1664,-0.161155,0.999949,0.001817,0.003125,2.9763,28.1827,4.7784,6.6225,4.2739
37,9,DIAMOND_11.tif,15,0.972043,0.232636,-0.157649,-0.844733,0.080049,-0.529167,132.151358,13.4592,-0.157649,0.999494,0.001995,0.003979,3.9470,49.2002,5.7090,7.4169,5.1537
38,56,DIAMOND_11.tif,71,0.967982,0.250669,-0.163498,-0.379786,0.899689,-0.215225,93.164709,14.5184,-0.163498,0.999912,0.001283,0.001714,2.3265,8.6456,3.1857,4.7472,2.8980
39,94,DIAMOND_11.tif,129,0.956405,0.291630,-0.162863,-0.747571,0.580349,-0.323007,134.443842,16.9577,-0.162863,0.999879,0.000170,0.000449,0.5504,0.1192,1.2118,1.9652,0.9777
40,33,DIAMOND_11.tif,46,0.947249,0.319511,-0.156670,0.007650,0.965393,0.260687,87.411142,18.6395,-0.156670,0.999684,0.000753,0.002346,1.7205,10.9902,3.9084,5.2783,3.6731
41,71,DIAMOND_11.tif,97,0.931356,0.364353,-0.170030,-0.288878,0.811696,0.507641,107.325662,21.3658,-0.170030,1.000089,0.001183,0.001354,2.0459,4.2073,2.5244,4.2107,2.6742
42,27,DIAMOND_11.tif,37,0.922065,0.387154,-0.166629,-0.624530,0.657696,-0.421187,109.009207,22.7764,-0.166629,1.000046,0.001289,0.003142,1.8285,13.4607,4.3256,6.4516,2.9485
43,94,DIAMOND_11.tif,129,0.908876,0.416863,-0.157705,0.187429,0.881783,0.432815,107.999878,24.6389,-0.157705,0.999915,0.000235,0.000449,0.5504,0.1192,1.2118,1.9652,0.9777
44,72,DIAMOND_11.tif,98,0.893120,0.450014,-0.168079,-0.492456,0.870307,0.007257,89.658357,26.7421,-0.168079,1.000088,0.000780,0.001574,1.2045,2.3662,2.4860,3.5061,1.6844
45,59,DIAMOND_11.tif,79,0.876465,0.481421,-0.167159,-0.804541,0.065565,-0.590266,127.849123,28.7790,-0.167159,0.999978,0.000937,0.001565,1.6120,4.0482,2.9984,6.3629,2.3502
46,0,DIAMOND_11.tif,1,0.999459,0.021402,-0.132292,0.639380,0.099754,0.762392,164.125724,1.2267,-0.132292,0.999688,0.003695,0.006616,6.5389,193.8738,8.8984,12.5805,9.1749
47,91,DIAMOND_11.tif,123,0.998326,0.058543,-0.121863,0.666307,0.435766,0.605098,150.322625,3.3561,-0.121863,1.000041,0.000579,0.000853,0.8947,0.6195,1.7441,3.8088,1.3476
48,50,DIAMOND_11.tif,65,0.996722,0.084783,-0.120850,-0.078012,0.996051,-0.042398,123.039101,4.8620,-0.120850,1.000322,0.001974,0.002633,2.7839,13.2921,3.4104,5.3330,3.1854
49,95,DIAMOND_11.tif,130,0.992004,0.126152,-0.130930,0.169105,0.943591,0.284673,95.092847,7.2473,-0.130930,0.999993,0.000429,0.000520,0.7720,0.3081,1.2082,1.4787,1.0867
50,13,DIAMOND_11.tif,19,0.988915,0.147442,-0.116747,0.174854,0.719434,0.672192,93.973815,8.4800,-0.116747,0.999846,0.001696,0.003320,2.9475,35.7805,5.3648,6.4651,5.1690
51,38,DIAMOND_11.tif,51,0.980386,0.197023,-0.131570,-0.558908,0.660032,-0.501975,98.820713,11.3631,-0.131570,0.999988,0.001552,0.002018,2.6315,13.7149,3.6601,4.6655,3.7508
52,7,DIAMOND_11.tif,11,0.972816,0.231209,-0.119788,0.689229,0.366171,0.625206,178.118907,13.3694,-0.119788,0.999914,0.002534,0.003862,4.3101,56.5908,6.0473,7.9302,5.8421
53,8,DIAMOND_11.tif,12,0.964717,0.263690,-0.120970,-0.548881,0.721598,-0.421932,132.541596,15.2875,-0.120970,1.000106,0.002131,0.004457,3.9078,33.8063,5.7696,7.9445,6.2466
54,77,DIAMOND_11.tif,104,0.953132,0.302192,-0.126126,-0.706509,0.557354,-0.436122,108.662811,17.5913,-0.126126,0.999890,0.000746,0.001103,1.4701,2.4381,2.1917,2.8805,2.0602
55,88,DIAMOND_11.tif,119,0.946433,0.322578,-0.124986,-0.726309,-0.106341,-0.679093,158.586811,18.8209,-0.124986,0.999896,0.000555,0.000959,1.1525,1.0033,1.7887,2.4278,1.4411
56,37,DIAMOND_11.tif,50,0.930269,0.365837,-0.126440,0.238516,0.699241,0.673923,136.579033,21.4677,-0.126440,0.999619,0.001425,0.002543,2.7966,14.0539,3.6655,5.3763,2.9527
57,15,DIAMOND_11.tif,21,0.919718,0.392029,-0.130910,0.271174,0.891503,0.362887,92.183055,23.0861,-0.130910,0.999784,0.001253,0.003965,1.8995,20.6013,5.1918,8.8082,3.5099
58,22,DIAMOND_11.tif,31,0.905396,0.424722,-0.114690,-0.705983,0.600634,-0.375269,100.853557,25.1313,-0.114690,1.000066,0.001551,0.002945,2.5253,24.2589,4.7564,6.2282,3.9129
59,65,DIAMOND_11.tif,89,0.890824,0.454348,-0.128673,-0.774975,0.251608,-0.579747,150.549943,27.0230,-0.128673,0.999999,0.001070,0.001873,1.5214,4.2247,2.6691,4.0917,2.1900
60,53,DIAMOND_11.tif,68,0.876705,0.481634,-0.128964,-0.759735,0.245920,-0.601935,111.447409,28.7830,-0.128964,1.000291,0.001970,0.002864,2.8584,12.9675,3.2293,5.8149,3.6615
61,90,DIAMOND_11.tif,122,1.000015,0.011214,-0.080305,0.053288,0.996694,0.061325,89.631801,0.6425,-0.080305,1.000078,0.000974,0.000910,1.5618,1.4736,1.7516,2.1607,1.7785
62,59,DIAMOND_11.tif,79,0.997617,0.060717,-0.090329,0.558526,0.164406,0.813031,176.955385,3.4828,-0.090329,0.999463,0.000432,0.001565,1.6120,4.0482,2.9984,6.3629,2.3502
63,29,DIAMOND_11.tif,41,0.995127,0.096533,-0.080140,-0.310143,0.946437,-0.089819,105.986983,5.5407,-0.080140,0.999798,0.001320,0.004448,2.6907,13.0309,4.0409,8.2103,2.9520
64,76,DIAMOND_11.tif,102,0.992162,0.125605,-0.084267,0.195950,0.976124,0.093731,115.486008,7.2151,-0.084267,1.000081,0.001047,0.001500,1.4710,2.5364,2.3662,4.0879,1.6961
65,77,DIAMOND_11.tif,104,0.989112,0.148185,-0.099340,0.649484,0.514289,0.560069,107.671957,8.5205,-0.099340,1.000151,0.000986,0.001103,1.4701,2.4381,2.1917,2.8805,2.0602
66,53,DIAMOND_11.tif,68,0.981994,0.187632,-0.091595,0.646648,0.456224,0.611315,148.703883,10.8173,-0.091595,0.999759,0.001382,0.002864,2.8584,12.9675,3.2293,5.8149,3.6615
67,67,DIAMOND_11.tif,92,0.975206,0.219655,-0.096848,0.270722,0.723469,0.635061,105.096476,12.6935,-0.096848,0.999637,0.000832,0.001376,2.0946,4.5898,2.6204,4.5504,2.8789
68,72,DIAMOND_11.tif,98,0.966865,0.254730,-0.095094,0.734455,0.292652,0.612316,142.903161,14.7597,-0.095094,0.999857,0.000636,0.001574,1.2045,2.3662,2.4860,3.5061,1.6844
69,56,DIAMOND_11.tif,71,0.955162,0.295717,-0.084910,0.334965,0.452516,0.826455,154.845035,17.2025,-0.084910,0.999892,0.001188,0.001714,2.3265,8.6456,3.1857,4.7472,2.8980
70,44,DIAMOND_11.tif,57,0.942516,0.334320,-0.084565,-0.734731,-0.167391,-0.657381,161.488546,19.5301,-0.084565,1.000053,0.001457,0.002282,2.3842,12.0878,3.5350,4.8545,3.2090
71,45,DIAMOND_11.tif,59,0.933514,0.357448,-0.086544,0.330522,0.741384,0.584042,120.570907,20.9521,-0.086544,0.999609,0.000677,0.002488,1.8303,8.5307,3.4820,5.4290,2.7115
72,86,DIAMOND_11.tif,117,0.923028,0.384408,-0.086673,0.232523,0.845632,0.480457,127.825978,22.6100,-0.086673,0.999875,0.000421,0.000977,0.8689,0.7673,1.7960,3.2118,1.3557
73,65,DIAMOND_11.tif,89,0.903008,0.428753,-0.086776,0.716656,0.279459,0.638989,148.795988,25.3986,-0.086776,0.999626,0.000777,0.001873,1.5214,4.2247,2.6691,4.0917,2.1900
74,81,DIAMOND_11.tif,111,0.888083,0.459886,-0.087219,-0.639365,0.652096,-0.407410,104.404558,27.3770,-0.087219,1.000093,0.000704,0.001027,1.0254,1.0043,1.8804,3.7282,1.4915
75,27,DIAMOND_11.tif,37,0.871659,0.490001,-0.095322,0.210787,0.789958,0.575792,118.763556,29.3424,-0.095322,0.999945,0.001010,0.003142,1.8285,13.4607,4.3256,6.4516,2.9485
76,50,DIAMOND_11.tif,65,0.998726,0.022917,-0.051785,0.185875,0.883514,0.429946,99.429029,1.3145,-0.051785,0.998989,0.000718,0.002633,2.7839,13.2921,3.4104,5.3330,3.1854
77,93,DIAMOND_11.tif,127,0.999065,0.044843,-0.046532,-0.507237,0.711157,-0.486792,107.709404,2.5700,-0.046532,1.000071,0.000361,0.001315,0.5114,0.3031,1.4226,3.4884,0.7241
78,5,DIAMOND_11.tif,9,0.996117,0.088537,-0.054693,0.649551,0.192975,0.735421,159.298439,5.0792,-0.054693,1.000044,0.001941,0.006009,3.1391,40.8061,6.1473,13.2068,5.9658
79,14,DIAMOND_11.tif,20,0.990290,0.131016,-0.060265,-0.048005,0.997302,0.055527,88.533842,7.5365,-0.060265,0.998919,0.001548,0.004076,4.4334,52.3335,5.3030,7.7099,5.7494
80,30,DIAMOND_11.tif,42,0.987599,0.155729,-0.058514,-0.272458,0.953269,-0.130552,94.380725,8.9609,-0.058514,0.999802,0.001034,0.002952,2.1106,13.7130,4.0306,5.7484,3.2738
81,45,DIAMOND_11.tif,59,0.980605,0.195075,-0.051575,-0.398004,0.899604,0.179735,93.350837,11.2511,-0.051575,0.999820,0.001076,0.002488,1.8303,8.5307,3.4820,5.4290,2.7115
82,77,DIAMOND_11.tif,104,0.975438,0.221304,-0.061170,-0.614177,0.701403,-0.361691,66.784776,12.7827,-0.061170,1.000228,0.001039,0.001103,1.4701,2.4381,2.1917,2.8805,2.0602
83,65,DIAMOND_11.tif,89,0.967483,0.253107,-0.052201,0.596784,0.221397,0.771253,160.512424,14.6608,-0.052201,1.000043,0.001014,0.001873,1.5214,4.2247,2.6691,4.0917,2.1900
84,87,DIAMOND_11.tif,118,0.954164,0.299005,-0.048278,-0.697417,-0.179128,-0.693918,164.271746,17.3993,-0.048278,0.999916,0.000585,0.001420,1.0508,1.0922,1.7911,2.9189,1.6823
85,92,DIAMOND_11.tif,126,0.944436,0.328643,-0.053729,-0.401540,0.915647,0.018852,87.927704,19.1868,-0.053729,0.999982,0.000405,0.000751,0.7223,0.3678,1.4664,2.4982,1.0312
86,9,DIAMOND_11.tif,15,0.930575,0.365172,-0.057757,0.751065,0.287020,0.594577,170.220631,21.4258,-0.057757,0.999660,0.002144,0.003979,3.9470,49.2002,5.7090,7.4169,5.1537
87,38,DIAMOND_11.tif,51,0.920166,0.391850,-0.063040,-0.752366,0.029635,-0.658078,138.235713,23.0666,-0.063040,1.000125,0.001678,0.002018,2.6315,13.7149,3.6601,4.6655,3.7508
88,31,DIAMOND_11.tif,43,0.910426,0.413680,-0.063004,0.207727,0.823458,0.527983,104.961445,24.4361,-0.063004,1.000003,0.001339,0.002595,2.2881,14.1526,3.9969,5.4815,3.1181
89,53,DIAMOND_11.tif,68,0.887785,0.460890,-0.057563,-0.836540,-0.161641,-0.523520,176.218369,27.4359,-0.057563,1.000291,0.002018,0.002864,2.8584,12.9675,3.2293,5.8149,3.6615
90,41,DIAMOND_11.tif,54,0.871052,0.491849,-0.062027,-0.833727,0.071965,-0.547468,137.184196,29.4518,-0.062027,1.000323,0.001853,0.002319,2.5103,9.7759,3.5999,5.6881,3.3332
91,48,DIAMOND_11.tif,63,0.999181,0.020150,-0.021880,-0.235773,0.967851,-0.087607,125.736259,1.1553,-0.021880,0.999384,0.000814,0.002507,1.9949,8.9620,3.4174,5.5326,3.2778
92,51,DIAMOND_11.tif,66,0.997914,0.058252,-0.024592,-0.728294,0.207682,-0.653036,140.045813,3.3408,-0.024592,0.999613,0.000921,0.001784,2.1914,9.0469,3.3613,4.8757,3.1654
93,83,DIAMOND_11.tif,113,0.996859,0.078694,-0.017031,-0.576254,0.751062,-0.322237,108.288241,4.5137,-0.017031,0.999960,0.000806,0.000941,1.4266,1.4270,1.8641,2.4419,1.5819
94,75,DIAMOND_11.tif,101,0.991846,0.125784,-0.023633,-0.729870,0.650981,-0.208599,121.451745,7.2275,-0.023633,0.999790,0.000535,0.001537,1.3371,2.8298,2.4174,3.5397,1.9346
95,49,DIAMOND_11.tif,64,0.988165,0.153085,-0.023124,0.570624,0.584234,0.577112,124.830239,8.8062,-0.023124,0.999953,0.000820,0.002085,1.4926,6.3090,3.4142,5.1443,2.8047
96,55,DIAMOND_11.tif,70,0.979736,0.199826,-0.017227,-0.021166,0.872176,0.488734,83.640896,11.5279,-0.017227,0.999906,0.000557,0.002163,1.0843,3.8378,3.2022,5.5103,1.9921
97,48,DIAMOND_11.tif,63,0.976815,0.214779,-0.026254,-0.571487,0.313723,-0.758275,119.849031,12.4007,-0.026254,1.000149,0.001286,0.002507,1.9949,8.9620,3.4174,5.5326,3.2778
98,55,DIAMOND_11.tif,70,0.963397,0.265789,-0.010152,0.549985,0.740005,0.387181,95.498955,15.4235,-0.010152,0.999388,0.000452,0.002163,1.0843,3.8378,3.2022,5.5103,1.9921
99,22,DIAMOND_11.tif,31,0.956473,0.293508,-0.023420,-0.506825,0.828005,-0.239868,98.874057,17.0594,-0.023420,1.000493,0.002006,0.002945,2.5253,24.2589,4.7564,6.2282,3.9129
100,58,DIAMOND_11.tif,75,0.945364,0.326635,-0.020530,-0.435582,0.850436,-0.295002,108.782888,19.0606,-0.020530,1.000202,0.001423,0.001974,1.9681,7.3225,3.0932,4.1138,3.0493
101,56,DIAMOND_11.tif,71,0.936874,0.348395,-0.020054,0.593258,0.409535,0.693056,161.791695,20.3986,-0.020054,0.999556,0.000916,0.001714,2.3265,8.6456,3.1857,4.7472,2.8980
102,10,DIAMOND_11.tif,16,0.917055,0.398204,-0.008995,-0.619554,-0.563756,-0.546197,171.262867,23.4715,-0.008995,0.999778,0.001992,0.003521,3.4750,44.9521,5.5565,6.9330,4.8288
103,11,DIAMOND_11.tif,17,0.908403,0.417614,-0.015532,-0.744694,0.541732,-0.389818,101.915373,24.6894,-0.015532,0.999799,0.001973,0.004078,3.6234,46.9468,5.4948,8.7637,5.3801
104,6,DIAMOND_11.tif,10,0.886581,0.462750,-0.007492,0.322476,0.716742,0.618296,113.383250,27.5623,-0.007492,1.000082,0.002270,0.004622,3.4530,60.7001,6.0513,9.2148,6.4010
105,28,DIAMOND_11.tif,39,0.877620,0.478241,-0.011961,-0.698189,-0.278642,-0.659462,149.602906,28.5873,-0.011961,0.999465,0.000638,0.002843,1.8815,12.9345,4.1524,6.2724,2.7754
106,65,DIAMOND_11.tif,89,0.999942,0.008756,0.012172,0.404682,0.871508,0.276957,91.296982,0.5017,0.012172,0.999980,0.000846,0.001873,1.5214,4.2247,2.6691,4.0917,2.1900
107,28,DIAMOND_11.tif,39,0.998038,0.058953,0.027502,0.201781,0.938247,0.281027,91.907149,3.3805,0.027502,0.999778,0.000905,0.002843,1.8815,12.9345,4.1524,6.2724,2.7754
108,19,DIAMOND_11.tif,26,0.996337,0.078479,0.014214,0.555154,0.522197,0.647390,130.890719,4.5038,0.014214,0.999423,0.001105,0.002910,2.8154,28.5622,4.9632,6.3715,4.5700
109,42,DIAMOND_11.tif,55,0.993052,0.114580,0.010130,0.616806,0.431747,0.658138,146.048630,6.5818,0.010130,0.999641,0.000524,0.002566,1.5202,7.5887,3.5473,5.7553,2.4714
110,76,DIAMOND_11.tif,102,0.988606,0.149947,0.027121,0.406133,0.316214,0.857359,164.108294,8.6246,0.027121,0.999913,0.000682,0.001500,1.4710,2.5364,2.3662,4.0879,1.6961
111,32,DIAMOND_11.tif,45,0.981124,0.190668,0.026715,0.673459,0.353447,0.649252,142.225959,10.9976,0.026715,0.999480,0.000869,0.002670,2.1119,12.6641,3.9129,5.6350,2.7141
112,40,DIAMOND_11.tif,53,0.974405,0.224117,0.021693,-0.447894,0.843076,0.297680,79.216334,12.9530,0.021693,0.999847,0.001226,0.001744,2.4428,10.0562,3.6011,4.7617,3.8130
113,72,DIAMOND_11.tif,98,0.964649,0.263244,0.016309,0.658113,0.264844,0.704802,179.046649,15.2639,0.016309,0.999923,0.000617,0.001574,1.2045,2.3662,2.4860,3.5061,1.6844
114,1,DIAMOND_11.tif,2,0.957909,0.286584,0.014181,-0.684238,-0.197096,-0.702119,179.957288,16.6559,0.014181,0.999860,0.003206,0.006119,5.6562,164.9708,8.6371,12.0537,8.6791
115,93,DIAMOND_11.tif,127,0.942474,0.333998,0.011355,0.434821,0.489691,0.755734,151.624860,19.5135,0.011355,0.999906,0.000298,0.001315,0.5114,0.3031,1.4226,3.4884,0.7241
116,92,DIAMOND_11.tif,126,0.930633,0.365709,0.010823,0.427807,0.820460,0.379246,134.458807,21.4533,0.010823,0.999911,0.000347,0.000751,0.7223,0.3678,1.4664,2.4982,1.0312
117,66,DIAMOND_11.tif,91,0.921743,0.388038,0.012598,-0.757131,0.235225,-0.609444,128.294695,22.8303,0.012598,1.000091,0.001038,0.001655,1.6486,3.4815,2.6461,4.8219,1.9912
118,3,DIAMOND_11.tif,7,0.904862,0.424611,0.015585,0.301763,0.862814,0.405575,125.283493,25.1385,0.015585,0.999534,0.001477,0.004314,2.8709,58.8178,6.8335,8.9491,6.3495
119,54,DIAMOND_11.tif,69,0.891860,0.453156,0.013133,-0.159997,0.986421,0.037079,76.081393,26.9352,0.013133,1.000383,0.001904,0.001772,2.6298,11.4450,3.2266,4.1702,3.0906
120,62,DIAMOND_11.tif,85,0.875291,0.483569,0.016574,0.437280,0.528615,0.727566,149.488775,28.9192,0.016574,0.999986,0.000777,0.001843,1.2814,3.6631,2.7672,4.3609,2.4094
121,68,DIAMOND_11.tif,93,1.000198,0.009710,0.063658,0.704365,0.050992,0.708004,176.732037,0.5562,0.063658,1.000245,0.001017,0.001412,1.3482,2.1485,2.6095,5.4768,1.9975
122,89,DIAMOND_11.tif,121,0.998678,0.051887,0.047654,-0.505535,0.664142,-0.550772,98.048969,2.9742,0.047654,1.000025,0.000632,0.001102,1.0614,0.9986,1.7715,3.3185,1.3554
123,18,DIAMOND_11.tif,25,0.996872,0.077640,0.044384,0.596590,0.547095,0.587169,89.821578,4.4534,0.044384,0.999891,0.002258,0.005001,3.3099,34.0561,5.0622,9.5853,4.0570
124,70,DIAMOND_11.tif,95,0.992192,0.123431,0.048660,0.530923,0.620686,0.576949,123.009758,7.0913,0.048660,0.999840,0.000993,0.001499,1.9947,5.1174,2.5304,3.2779,2.1007
125,37,DIAMOND_11.tif,50,0.987256,0.159911,0.055857,-0.559914,0.738287,-0.376069,112.871850,9.2006,0.055857,1.000123,0.001886,0.002543,2.7966,14.0539,3.6655,5.3763,2.9527
126,48,DIAMOND_11.tif,63,0.983061,0.182343,0.050376,-0.573645,0.769128,-0.281732,86.380278,10.5081,0.050376,0.999829,0.001053,0.002507,1.9949,8.9620,3.4174,5.5326,3.2778
127,92,DIAMOND_11.tif,126,0.975293,0.220707,0.048425,-0.781274,-0.121042,-0.612339,176.753656,12.7511,0.048425,0.999954,0.000382,0.000751,0.7223,0.3678,1.4664,2.4982,1.0312
128,1,DIAMOND_11.tif,2,0.963708,0.267729,0.055158,-0.580511,0.512997,-0.632330,142.252521,15.5259,0.055158,1.000206,0.003424,0.006119,5.6562,164.9708,8.6371,12.0537,8.6791
129,88,DIAMOND_11.tif,119,0.953374,0.301415,0.058005,-0.124657,0.907659,-0.400770,82.013990,17.5446,0.058005,0.999886,0.000546,0.000959,1.1525,1.0033,1.7887,2.4278,1.4411
130,42,DIAMOND_11.tif,55,0.944948,0.326977,0.061864,-0.637706,-0.209287,-0.741302,175.671221,19.0870,0.061864,0.999920,0.000801,0.002566,1.5202,7.5887,3.5473,5.7553,2.4714
131,12,DIAMOND_11.tif,18,0.934712,0.352853,0.055883,-0.772221,0.212890,-0.598625,131.825385,20.6815,0.055883,0.999095,0.001734,0.003286,4.4296,55.1674,5.4697,6.8900,5.8682
132,72,DIAMOND_11.tif,98,0.921749,0.387016,0.053966,0.364546,0.732085,0.575464,128.685025,22.7762,0.053966,0.999701,0.000395,0.001574,1.2045,2.3662,2.4860,3.5061,1.6844
133,17,DIAMOND_11.tif,24,0.906962,0.421687,0.051493,-0.778254,0.394122,-0.488864,133.054589,24.9358,0.051493,1.000200,0.002119,0.003714,3.2720,34.6917,5.0674,7.1263,4.3787
134,18,DIAMOND_11.tif,25,0.889535,0.456444,0.048865,-0.732886,0.645327,-0.215477,122.686452,27.1635,0.048865,0.999807,0.001967,0.005001,3.3099,34.0561,5.0622,9.5853,4.0570
135,57,DIAMOND_11.tif,72,0.873732,0.485910,0.049771,-0.019946,0.868685,0.494963,100.354284,29.0798,0.049771,0.999757,0.000553,0.002106,1.3363,5.3831,3.1630,4.8559,2.6014
136,79,DIAMOND_11.tif,108,0.999505,0.023786,0.078888,-0.657035,0.445711,-0.607985,121.377608,1.3632,0.078888,0.999788,0.000541,0.001161,1.2667,1.9946,2.1052,2.6837,1.8637
137,37,DIAMOND_11.tif,50,0.998554,0.055018,0.082236,-0.554568,0.388986,-0.735625,113.729911,3.1537,0.082236,1.000069,0.001587,0.002543,2.7966,14.0539,3.6655,5.3763,2.9527
138,37,DIAMOND_11.tif,50,0.996398,0.085804,0.086675,-0.694384,0.143557,-0.705140,166.688878,4.9218,0.086675,1.000085,0.001806,0.002543,2.7966,14.0539,3.6655,5.3763,2.9527
139,63,DIAMOND_11.tif,86,0.992863,0.117680,0.081092,-0.275929,0.933532,-0.228871,89.507820,6.7595,0.081092,0.999813,0.000816,0.001898,1.6842,4.7862,2.7402,4.4393,2.0872
140,42,DIAMOND_11.tif,55,0.986418,0.162056,0.096662,-0.744412,0.118994,-0.657032,165.760392,9.3296,0.096662,0.999641,0.000648,0.002566,1.5202,7.5887,3.5473,5.7553,2.4714
141,0,DIAMOND_11.tif,1,0.980891,0.190997,0.093556,0.791985,0.221016,0.569132,168.327461,11.0186,0.093556,0.999313,0.003275,0.006616,6.5389,193.8738,8.8984,12.5805,9.1749
142,77,DIAMOND_11.tif,104,0.971869,0.234141,0.090272,-0.175436,0.980704,-0.086267,122.993968,13.5455,0.090272,0.999676,0.000522,0.001103,1.4701,2.4381,2.1917,2.8805,2.0602
143,59,DIAMOND_11.tif,79,0.963868,0.266529,0.089269,-0.231388,0.970680,0.065116,89.587125,15.4572,0.089269,1.000040,0.000978,0.001565,1.6120,4.0482,2.9984,6.3629,2.3502
144,13,DIAMOND_11.tif,19,0.954781,0.298314,0.098657,-0.492808,0.846187,-0.202751,91.652749,17.3510,0.098657,1.000299,0.002033,0.003320,2.9475,35.7805,5.3648,6.4651,5.1690
145,66,DIAMOND_11.tif,91,0.947597,0.320234,0.089569,-0.597705,0.367712,-0.712416,92.602803,18.6724,0.089569,1.000245,0.001179,0.001655,1.6486,3.4815,2.6461,4.8219,1.9912
146,37,DIAMOND_11.tif,50,0.936778,0.349573,0.098431,0.658653,0.255368,0.707788,178.838612,20.4638,0.098431,0.999878,0.001506,0.002543,2.7966,14.0539,3.6655,5.3763,2.9527
147,40,DIAMOND_11.tif,53,0.923808,0.383262,0.088583,-0.677968,0.696431,-0.235253,114.572008,22.5322,0.088583,1.000155,0.001585,0.001744,2.4428,10.0562,3.6011,4.7617,3.8130
148,61,DIAMOND_11.tif,81,0.905263,0.423285,0.098087,-0.556321,0.622133,-0.550871,75.472052,25.0599,0.098087,0.999335,0.000347,0.002323,1.0526,2.9133,2.9314,5.2877,1.7818
149,57,DIAMOND_11.tif,72,0.888864,0.457638,0.079908,-0.598571,-0.078868,-0.797178,137.696512,27.2420,0.079908,0.999756,0.000632,0.002106,1.3363,5.3831,3.1630,4.8559,2.6014
150,78,DIAMOND_11.tif,107,0.876773,0.480613,0.081424,-0.734053,0.572033,-0.365985,112.286031,28.7299,0.081424,0.999860,0.000450,0.001257,1.0492,1.5797,2.1114,3.1644,1.6405
151,20,DIAMOND_11.tif,28,0.999852,0.027679,0.125211,-0.697716,0.064788,-0.713439,177.253285,1.5857,0.125211,1.000235,0.001901,0.003341,2.7864,27.0696,4.8153,7.2531,3.5379
152,22,DIAMOND_11.tif,31,0.998512,0.051709,0.127236,0.463551,0.296681,0.834926,121.264665,2.9645,0.127236,0.999850,0.001434,0.002945,2.5253,24.2589,4.7564,6.2282,3.9129
153,47,DIAMOND_11.tif,61,0.996969,0.077116,0.116329,0.304279,0.903107,0.303004,111.238817,4.4231,0.116329,0.999947,0.000873,0.001989,1.5957,6.0222,3.4562,5.2254,2.4746
154,36,DIAMOND_11.tif,49,0.991347,0.129469,0.119242,-0.790919,0.131951,-0.597525,159.196127,7.4407,0.119242,0.999766,0.001459,0.002514,2.6690,14.7684,3.7620,5.7388,3.0158
155,82,DIAMOND_11.tif,112,0.986987,0.161144,0.118585,-0.734348,-0.075263,-0.674588,167.603836,9.2728,0.118585,1.000055,0.000558,0.001063,0.9030,0.7351,1.8746,3.8780,1.5251
156,14,DIAMOND_11.tif,20,0.979825,0.198382,0.121145,0.383552,0.867602,0.316472,97.944452,11.4458,0.121145,0.999706,0.002442,0.004076,4.4334,52.3335,5.3030,7.7099,5.7494
157,63,DIAMOND_11.tif,86,0.972955,0.230479,0.114950,-0.727098,0.379053,-0.572404,132.574791,13.3269,0.114950,0.999881,0.000853,0.001898,1.6842,4.7862,2.7402,4.4393,2.0872
158,25,DIAMOND_11.tif,34,0.967404,0.253604,0.134981,0.305266,0.668903,0.677777,121.974547,14.6895,0.134981,1.000092,0.001471,0.002554,2.2688,18.2938,4.4457,5.4925,3.9077
159,81,DIAMOND_11.tif,111,0.958292,0.285045,0.131496,-0.702950,0.540018,-0.462862,75.018804,16.5652,0.131496,0.999787,0.000412,0.001027,1.0254,1.0043,1.8804,3.7282,1.4915
160,55,DIAMOND_11.tif,70,0.946383,0.321992,0.127207,-0.677420,0.359812,-0.641590,141.076313,18.7901,0.127207,0.999660,0.000426,0.002163,1.0843,3.8378,3.2022,5.5103,1.9921
161,9,DIAMOND_11.tif,15,0.936137,0.352839,0.125272,0.346623,0.437327,0.829818,168.803524,20.6519,0.125272,1.000424,0.002813,0.003979,3.9470,49.2002,5.7090,7.4169,5.1537
162,89,DIAMOND_11.tif,121,0.923124,0.384506,0.126283,-0.056863,0.946850,0.316609,115.231925,22.6130,0.126283,1.000001,0.000669,0.001102,1.0614,0.9986,1.7715,3.3185,1.3554
163,54,DIAMOND_11.tif,69,0.910096,0.415360,0.121812,0.111825,0.876036,0.469102,78.046461,24.5315,0.121812,1.000399,0.001891,0.001772,2.6298,11.4450,3.2266,4.1702,3.0906
164,67,DIAMOND_11.tif,92,0.892352,0.451206,0.120875,-0.025230,0.958725,0.283212,95.209768,26.8229,0.120875,0.999939,0.001162,0.001376,2.0946,4.5898,2.6204,4.5504,2.8789
165,74,DIAMOND_11.tif,100,0.875364,0.483912,0.118329,-0.782201,0.481366,-0.395536,106.465034,28.9343,0.118329,1.000217,0.000954,0.001702,1.2176,2.6595,2.4300,3.7079,1.8246
166,65,DIAMOND_11.tif,89,1.000110,0.011137,0.154106,0.505106,0.758280,0.412164,111.278643,0.6380,0.154106,1.000172,0.001009,0.001873,1.5214,4.2247,2.6691,4.0917,2.1900
167,1,DIAMOND_11.tif,2,0.997869,0.046769,0.151862,0.578487,0.571436,0.582077,84.947632,2.6834,0.151862,0.998965,0.002624,0.006119,5.6562,164.9708,8.6371,12.0537,8.6791
168,0,DIAMOND_11.tif,1,0.995841,0.079053,0.156055,0.474506,0.351150,0.807179,129.181701,4.5388,0.156055,0.998974,0.002839,0.006616,6.5389,193.8738,8.8984,12.5805,9.1749
169,3,DIAMOND_11.tif,7,0.991865,0.123809,0.154608,0.200350,0.973068,0.114008,100.053701,7.1151,0.154608,0.999563,0.001432,0.004314,2.8709,58.8178,6.8335,8.9491,6.3495
170,25,DIAMOND_11.tif,34,0.986103,0.166492,0.150361,0.583847,0.320204,0.746051,153.615292,9.5834,0.150361,1.000059,0.001417,0.002554,2.2688,18.2938,4.4457,5.4925,3.9077
171,69,DIAMOND_11.tif,94,0.982660,0.184491,0.168115,-0.466709,0.759546,-0.453069,136.519781,10.6333,0.168115,0.999829,0.000723,0.001419,1.6246,3.9163,2.5596,3.7240,2.5617
172,19,DIAMOND_11.tif,26,0.974970,0.219814,0.150849,-0.789764,0.337656,-0.512114,105.998597,12.7053,0.150849,0.999442,0.001153,0.002910,2.8154,28.5622,4.9632,6.3715,4.5700
173,35,DIAMOND_11.tif,48,0.964603,0.264764,0.162136,-0.591364,-0.310151,-0.744376,174.617104,15.3485,0.162136,1.000279,0.001873,0.002437,2.6217,15.6426,3.8436,5.3474,3.4707
174,90,DIAMOND_11.tif,122,0.953171,0.302300,0.151216,0.610884,0.456074,0.647161,146.080874,17.5965,0.151216,0.999960,0.000864,0.000910,1.5618,1.4736,1.7516,2.1607,1.7785
175,25,DIAMOND_11.tif,34,0.943749,0.330224,0.162718,-0.760942,0.304590,-0.572880,165.469733,19.2853,0.162718,0.999855,0.001275,0.002554,2.2688,18.2938,4.4457,5.4925,3.9077
176,38,DIAMOND_11.tif,51,0.930240,0.366274,0.163751,-0.749601,0.420111,-0.511473,128.308088,21.4916,0.163751,0.999751,0.001319,0.002018,2.6315,13.7149,3.6601,4.6655,3.7508
177,88,DIAMOND_11.tif,119,0.918912,0.393584,0.167345,0.741033,0.397421,0.541227,150.301408,23.1862,0.167345,0.999654,0.000290,0.000959,1.1525,1.0033,1.7887,2.4278,1.4411
178,39,DIAMOND_11.tif,52,0.910070,0.414220,0.152667,-0.665146,0.672666,-0.324194,97.297085,24.4727,0.152667,0.999902,0.001022,0.002257,1.9179,10.0615,3.6523,5.0876,2.8607
179,51,DIAMOND_11.tif,66,0.895374,0.445642,0.169597,-0.738669,0.305066,-0.601085,128.387972,26.4603,0.169597,1.000146,0.001450,0.001784,2.1914,9.0469,3.3613,4.8757,3.1654
180,19,DIAMOND_11.tif,26,0.873842,0.486399,0.168869,-0.856207,0.205688,-0.473922,148.563380,29.1013,0.168869,1.000092,0.001853,0.002910,2.8154,28.5622,4.9632,6.3715,4.5700
181,48,DIAMOND_11.tif,63,0.999701,0.015565,0.198905,0.385667,0.433200,0.814616,142.825672,0.8920,0.198905,0.999823,0.001249,0.002507,1.9949,8.9620,3.4174,5.5326,3.2778
182,27,DIAMOND_11.tif,37,0.998268,0.058205,0.197740,-0.717446,-0.104986,-0.688658,168.679180,3.3369,0.197740,0.999963,0.001147,0.003142,1.8285,13.4607,4.3256,6.4516,2.9485
183,31,DIAMOND_11.tif,43,0.996650,0.080095,0.189094,-0.310200,0.721099,-0.619510,81.420733,4.5946,0.189094,0.999864,0.001211,0.002595,2.2881,14.1526,3.9969,5.4815,3.1181
184,33,DIAMOND_11.tif,46,0.992891,0.120755,0.197415,0.506286,0.613437,0.606110,141.396122,6.9342,0.197415,1.000207,0.001315,0.002346,1.7205,10.9902,3.9084,5.2783,3.6731
185,70,DIAMOND_11.tif,95,0.986796,0.162084,0.200176,-0.009443,0.994875,-0.100668,114.604920,9.3277,0.200176,1.000018,0.001272,0.001499,1.9947,5.1174,2.5304,3.2779,2.1007
186,36,DIAMOND_11.tif,49,0.981601,0.193010,0.202104,0.190328,0.981504,0.020605,107.807707,11.1240,0.202104,1.000397,0.001972,0.002514,2.6690,14.7684,3.7620,5.7388,3.0158
187,89,DIAMOND_11.tif,121,0.975815,0.219412,0.193892,0.158937,0.801265,0.576813,126.956089,12.6722,0.193892,1.000178,0.000835,0.001102,1.0614,0.9986,1.7715,3.3185,1.3554
188,33,DIAMOND_11.tif,46,0.967026,0.253389,0.193307,-0.830171,0.247391,-0.499613,112.252848,14.6831,0.193307,0.999672,0.000861,0.002346,1.7205,10.9902,3.9084,5.2783,3.6731
189,6,DIAMOND_11.tif,10,0.956392,0.292477,0.191568,0.440732,0.479789,0.758655,127.874439,17.0043,0.191568,1.000114,0.002378,0.004622,3.4530,60.7001,6.0513,9.2148,6.4010
190,79,DIAMOND_11.tif,108,0.945502,0.325431,0.204232,-0.694941,-0.208980,-0.688030,160.126970,18.9929,0.204232,0.999940,0.000717,0.001161,1.2667,1.9946,2.1052,2.6837,1.8637
191,13,DIAMOND_11.tif,19,0.918662,0.396589,0.200672,0.457136,0.457992,0.762411,144.117519,23.3500,0.200672,1.000611,0.002430,0.003320,2.9475,35.7805,5.3648,6.4651,5.1690
192,52,DIAMOND_11.tif,67,0.910484,0.413744,0.188411,-0.712754,0.221344,-0.665573,135.546457,24.4381,0.188411,1.000082,0.000782,0.002097,1.1861,4.6602,3.3404,4.9386,2.4029
193,66,DIAMOND_11.tif,91,0.891830,0.452063,0.204214,-0.063097,0.713072,0.698246,111.014457,26.8802,0.204214,0.999861,0.000730,0.001655,1.6486,3.4815,2.6461,4.8219,1.9912
194,73,DIAMOND_11.tif,99,0.878204,0.477722,0.188068,-0.642301,0.748165,0.166431,70.269071,28.5451,0.188068,0.999730,0.000468,0.001677,1.2256,2.7484,2.4781,4.1438,1.6880
195,13,DIAMOND_11.tif,19,0.999605,0.026759,0.230187,0.461539,0.296986,0.835931,128.621576,1.5334,0.230187,0.999963,0.001786,0.003320,2.9475,35.7805,5.3648,6.4651,5.1690
196,89,DIAMOND_11.tif,121,0.998187,0.058744,0.231738,-0.684739,0.345723,-0.641567,173.222947,3.3680,0.231738,0.999914,0.000482,0.001102,1.0614,0.9986,1.7715,3.3185,1.3554
197,9,DIAMOND_11.tif,15,0.995329,0.093000,0.235507,-0.282928,0.958194,-0.042623,72.518959,5.3380,0.235507,0.999664,0.002148,0.003979,3.9470,49.2002,5.7090,7.4169,5.1537
198,24,DIAMOND_11.tif,33,0.992334,0.124873,0.231879,-0.704409,0.377418,-0.601135,119.954092,7.1722,0.231879,1.000160,0.001585,0.002841,2.3388,18.9749,4.5889,6.0620,4.5251
199,81,DIAMOND_11.tif,111,0.986669,0.162955,0.222184,-0.659383,0.374608,-0.651830,159.182385,9.3781,0.222184,1.000035,0.000680,0.001027,1.0254,1.0043,1.8804,3.7282,1.4915
200,1,DIAMOND_11.tif,2,0.980579,0.196605,0.235857,-0.748929,-0.372327,-0.548159,171.192877,11.3374,0.235857,1.000095,0.003651,0.006119,5.6562,164.9708,8.6371,12.0537,8.6791
201,44,DIAMOND_11.tif,57,0.972458,0.233883,0.234763,-0.555169,0.604860,-0.570904,109.864955,13.5232,0.234763,1.000188,0.001637,0.002282,2.3842,12.0878,3.5350,4.8545,3.2090
202,91,DIAMOND_11.tif,123,0.966626,0.255437,0.223953,0.657223,0.426055,0.621719,178.053868,14.8024,0.223953,0.999807,0.000356,0.000853,0.8947,0.6195,1.7441,3.8088,1.3476
203,3,DIAMOND_11.tif,7,0.956709,0.290314,0.225291,-0.374918,0.911298,0.170212,62.750632,16.8805,0.225291,0.999787,0.001839,0.004314,2.8709,58.8178,6.8335,8.9491,6.3495
204,70,DIAMOND_11.tif,95,0.947596,0.319381,0.231752,0.423832,0.630351,0.650403,127.839346,18.6261,0.231752,0.999971,0.001126,0.001499,1.9947,5.1174,2.5304,3.2779,2.1007
205,50,DIAMOND_11.tif,65,0.931787,0.363623,0.234973,-0.000535,0.899519,0.436881,94.783948,21.3179,0.234973,1.000225,0.001909,0.002633,2.7839,13.2921,3.4104,5.3330,3.1854
206,65,DIAMOND_11.tif,89,0.916384,0.399645,0.239658,0.352323,0.594962,0.722419,112.802924,23.5625,0.239658,0.999738,0.000850,0.001873,1.5214,4.2247,2.6691,4.0917,2.1900
207,28,DIAMOND_11.tif,39,0.905087,0.424472,0.233612,-0.348468,0.934059,0.078132,96.598573,25.1259,0.233612,0.999679,0.000818,0.002843,1.8815,12.9345,4.1524,6.2724,2.7754
208,4,DIAMOND_11.tif,8,0.892331,0.450166,0.225736,0.380214,0.584187,0.717052,118.320043,26.7702,0.225736,0.999452,0.002279,0.004101,4.6158,73.3776,6.3488,8.7276,5.7689
209,82,DIAMOND_11.tif,112,0.877313,0.479540,0.237910,0.401148,0.624670,0.669976,142.695388,28.6611,0.237910,0.999818,0.000338,0.001063,0.9030,0.7351,1.8746,3.8780,1.5251
