grain_id,source_image,label,touches_border,centroid_x_um,centroid_y_um,area_um2,perimeter_um,equivalent_diameter_um,feret_max_um,feret_min_um,major_axis_um,minor_axis_um,inscribed_radius_um,aspect_ratio,elongation,circularity,solidity,convexity,orientation_deg,n_corners,min_corner_angle_deg,mean_corner_angle_deg,pixel_area,outline_px
1,C:\malav_parikh\sem-abaqus\B4C_16.tif,8,False,13.371868507136792,7.0176207148922405,42.462632379999995,26.248965151718373,7.352897573050217,8.088339165119129,7.0872776646099,7.667713491033827,7.142548520625867,3.398345708847046,1.1412476761716277,0.12376601426734124,0.7744482544506234,0.9573253442370183,0.877948139810016,101.22349496613406,10,32.610785193332276,114.52215703866645,49462,822
2,C:\malav_parikh\sem-abaqus\B4C_16.tif,11,False,25.92466869591831,12.138265835675135,30.85498909,21.494814333808314,6.267837925613586,7.944839661692361,4.923954977453864,7.9430525740648,5.041312175855169,2.402510404586792,1.6135077794315196,0.3802323033407835,0.8392046177293455,0.9716366214852592,0.9412441915508115,137.28882447504793,8,118.7110982093287,135.0,35941,626
3,C:\malav_parikh\sem-abaqus\B4C_16.tif,1,True,3.8756738142597005,2.0011780977727973,30.643800549999998,26.099526368723797,6.246350827582224,9.062419425848706,5.5084,8.713421631259648,5.222386603073799,3.4057962894439697,1.6451999538611404,0.3921711475537746,0.5653107428060133,0.8879168187711636,0.8728757948984386,168.01320481754053,12,24.426033982529443,113.41224995455916,35695,851
4,C:\malav_parikh\sem-abaqus\B4C_16.tif,12,False,19.599624690901855,11.793615177784726,30.204253669999996,23.367257510934582,6.201390988468326,7.764665847285381,5.934110493937157,6.862002855456376,5.83244929244599,2.4669692516326904,1.3084801597844344,0.23575455651941646,0.6951243210378648,0.9096490998876493,0.8765499532371226,-175.8543914102019,12,70.91808255002225,125.10796549247095,35183,734
5,C:\malav_parikh\sem-abaqus\B4C_16.tif,4,False,7.1106336262229695,5.433225515672711,27.55237806,24.443724638619898,5.922902776298585,7.875216478294422,5.808937551250586,7.6988700805969,5.060018433456524,2.1384458541870117,1.3557068584080396,0.2623774130830422,0.5794743107846794,0.8881562368752626,0.8377103900704381,121.70045521365626,15,79.25684599657903,120.89119197355036,32094,745
6,C:\malav_parikh\sem-abaqus\B4C_16.tif,17,False,14.319408770078955,16.44509963925946,25.22587016,21.74495790772578,5.66732524548104,8.302195198861565,4.121217319881628,8.282320094223541,3.9219674424259114,2.0131146907806396,2.014500705607057,0.503599081789025,0.670407520397183,0.9381428317698158,0.8920101735378991,161.61116751540624,10,59.03624346792648,129.08443226374774,29384,664
7,C:\malav_parikh\sem-abaqus\B4C_16.tif,5,False,18.769507570103055,5.239118283288253,25.073917429999998,24.288223163122936,5.650230368162015,8.545811009494651,4.048937729577967,8.847778819931081,3.76881400766481,1.7518680095672607,2.1106303875869696,0.5262079017334368,0.5341221226075149,0.8750967506943286,0.8454107140431265,62.21630564097872,11,28.734519275295487,99.5320154252975,29207,751
8,C:\malav_parikh\sem-abaqus\B4C_16.tif,7,False,24.536405412236707,5.7112100742226675,21.39786325,19.066411499111283,5.219636545080057,7.160718589638892,4.121256472265306,6.797032661201214,4.10902390092991,2.019883155822754,1.7375086063748184,0.4244632824660217,0.7396773972146214,0.9491042188403006,0.9115444386618261,159.68997568528715,12,74.13928594624504,132.06252741416588,24925,580
9,C:\malav_parikh\sem-abaqus\B4C_16.tif,15,False,4.026665265200518,15.25771085462484,21.235608640000002,20.177537173302387,5.19980929236522,7.4715,4.480296181345305,7.211867837665654,3.9685840310682674,1.7859374284744263,1.667635285164679,0.40034850012108614,0.655448033468104,0.8675653115953612,0.9017440991236975,66.54205248407202,10,65.37643521383639,123.10062078759711,24736,620
10,C:\malav_parikh\sem-abaqus\B4C_16.tif,20,True,9.242581710866753,18.519436777705906,15.926706479999998,20.761695864401336,4.503166942022665,6.601414195458425,4.1899,5.3842826569538005,4.183890214043748,2.0803000926971436,1.575554117152778,0.3653026645589781,0.46431230223103237,0.8001755926251097,0.7942175589479337,-152.5468871721173,15,18.156139444477276,98.34496423590353,18552,646
11,C:\malav_parikh\sem-abaqus\B4C_16.tif,10,False,5.373454187111547,9.967712397775598,15.74642358,20.844691582503593,4.47760752972011,7.450500882491055,4.70711494171065,6.273918499441002,4.1112022450210866,1.6994000673294067,1.5828168580441357,0.36821496756378636,0.45540820027229834,0.7359485136377566,0.8849606896460601,54.38327323195793,8,25.379299842728734,117.6944904520968,18342,661
12,C:\malav_parikh\sem-abaqus\B4C_16.tif,3,True,21.671675083240842,1.460776088296954,13.922990819999999,15.750264544672055,4.210380326408607,5.883539222270894,3.5357884520292684,5.8485421570108835,3.1686321035664964,2.273407459259033,1.6639963906478055,0.3990371580008698,0.7052883260332008,0.9654786735588404,0.910354609181889,-161.28580457959097,9,53.65254179111473,110.67056635171338,16218,495
13,C:\malav_parikh\sem-abaqus\B4C_16.tif,14,False,12.149849374296963,13.206678374578178,12.21116176,13.927595553201888,3.943061505986158,5.235197536865252,3.3937698121705298,4.733950727098962,3.3356537714462013,1.6172691583633423,1.542590637140771,0.35173987451815203,0.7910693442551782,0.9552737437785506,0.9194842779359029,115.8500708135127,7,63.688749065508304,113.05847608967153,14224,424
14,C:\malav_parikh\sem-abaqus\B4C_16.tif,2,True,27.153841055325373,0.8139765659273702,7.04476894,11.824154889038413,2.994942135990279,5.039940686158916,1.9631,4.5827559231235595,2.1649612223279178,1.9315288066864014,2.567337724088898,0.6104914477681809,0.633193425958775,0.9610864612063796,0.9677980264178736,179.24254496470127,4,52.11573467402543,90.0,8206,381
15,C:\malav_parikh\sem-abaqus\B4C_16.tif,21,True,16.55340904255319,19.527077644799057,5.81026032,13.266982841189616,2.7198994842878994,5.491307790499454,1.8752,4.456561372750502,1.868014138586324,1.6225841045379639,2.9283851271861425,0.6585148617521868,0.41482136846895423,0.8262540962944291,0.8685028711587184,-168.784266928544,6,19.078694537097377,85.82373076361615,6768,423
16,C:\malav_parikh\sem-abaqus\B4C_16.tif,6,True,29.259131365313653,5.272623951694062,5.11831738,10.683276941233222,2.5528110174318175,4.309590776396293,1.9338,3.9818252783932016,1.8614788028899432,1.574159860610962,2.2285607489897057,0.5512799009614886,0.5635443539545478,0.9400876765708719,0.9449756758210228,80.29444600696668,4,38.74744603297707,90.00000000000001,5962,342
17,C:\malav_parikh\sem-abaqus\B4C_16.tif,9,True,0.5500675826734979,7.7042009548206805,3.68635606,9.315069175460504,2.16647508907121,3.809,1.4064,3.6712375809184237,1.397521020661024,1.281614065170288,2.7083333333333335,0.6307692307692307,0.5338693349600907,0.9339048048725467,0.9298664329610137,83.20549495041895,4,47.385944030388806,90.0,4294,306
18,C:\malav_parikh\sem-abaqus\B4C_16.tif,13,True,29.57260799773114,12.975288116846285,3.02703574,10.820193518747804,1.963196782672248,4.542350565511208,1.3771,4.202440570296925,1.181350911730405,1.270348072052002,3.2984899902049296,0.6968309732727515,0.32490571934165124,0.7754889480384215,0.8833947411817504,92.90895676721317,7,36.1951361502235,92.79011739068618,3526,349
19,C:\malav_parikh\sem-abaqus\B4C_16.tif,18,True,29.332178395303327,18.238200704500976,2.1934419499999995,5.408700837419939,1.6711603842303728,1.8293151778739496,1.4357,1.8712628996864291,1.5192333594713157,0.8778190612792969,1.2741625533704461,0.21517078228772668,0.9422151603839608,0.9862137862137861,0.9625752185147505,93.18850756119443,5,90.5862045373393,108.0,2555,172
20,C:\malav_parikh\sem-abaqus\B4C_16.tif,16,True,0.2188456790123457,16.086943441358024,1.11260304,5.907550971195246,1.1902143454523466,2.7566924891978792,0.5567,2.591885668210146,0.619914381753877,0.5735532641410828,4.951845678458558,0.7980550960321352,0.4006223289426555,0.9179133103183738,0.962845333412159,91.3176321001031,3,17.691766949867922,60.00000000000001,1296,197
21,C:\malav_parikh\sem-abaqus\B4C_16.tif,19,True,13.010856537102473,19.6940519434629,0.72885801,5.364989344266231,0.9633331930484782,2.2023779194316306,0.6384929742141301,1.9593524057565381,0.6516575185382051,0.28713998198509216,3.449337750571745,0.7100892773303382,0.3182109114540977,0.661790017211704,0.8543073989269249,145.85614482114394,4,31.371927706216493,90.0,849,158
